date,region,weather_severity_index,temperature_celsius,precipitation_mm,tariff_rate,fuel_price_usd,geopolitical_risk_index,port_congestion_index
2023-01-01,Asia,7,15.6,114,0.15,88.01,1,35
2023-01-01,Europe,1,19.0,12,0.12,111.11,2,26
2023-01-02,Asia,8,13.6,59,0.15,94.65,5,31
2023-01-02,Europe,9,8.7,81,0.12,102.69,4,19
2023-01-03,Asia,4,17.3,114,0.15,73.53,1,57
2023-01-03,Europe,8,10.6,107,0.12,89.05,7,59
2023-01-04,Asia,7,7.7,110,0.15,96.88,2,50
2023-01-04,Europe,8,19.5,79,0.12,84.9,7,18
2023-01-05,Asia,4,15.1,59,0.15,97.64,2,20
2023-01-05,Europe,3,4.0,92,0.12,94.11,5,53
2023-01-06,Asia,6,13.0,15,0.15,80.46,3,48
2023-01-06,Europe,8,5.3,32,0.12,92.64,2,48
2023-01-07,Asia,6,16.8,85,0.15,95.17,1,28
2023-01-07,Europe,7,11.9,111,0.12,88.83,1,29
2023-01-08,Asia,9,11.1,74,0.15,79.4,1,45
2023-01-08,Europe,4,7.2,98,0.12,98.55,1,37
2023-01-09,Asia,6,0.2,110,0.15,89.99,1,38
2023-01-09,Europe,2,7.3,19,0.12,87.24,5,12
2023-01-10,Asia,6,26.7,96,0.15,102.89,2,45
2023-01-10,Europe,5,4.3,115,0.12,83.3,6,45
2023-01-11,Asia,4,17.7,7,0.15,89.29,5,29
2023-01-11,Europe,5,19.5,4,0.12,87.88,5,47
2023-01-12,Asia,7,7.8,94,0.15,76.59,2,53
2023-01-12,Europe,8,18.5,57,0.12,87.9,1,39
2023-01-13,Asia,5,19.7,105,0.15,88.78,1,52
2023-01-13,Europe,2,18.5,29,0.12,92.0,3,39
2023-01-14,Asia,7,18.3,33,0.15,93.26,4,19
2023-01-14,Europe,4,12.1,56,0.12,84.31,1,20
2023-01-15,Asia,7,17.1,9,0.15,78.82,2,15
2023-01-15,Europe,1,22.2,3,0.12,78.9,6,29
2023-01-16,Asia,8,10.7,74,0.15,88.56,7,42
2023-01-16,Europe,7,2.8,69,0.12,69.01,5,56
2023-01-17,Asia,4,14.3,119,0.15,83.65,7,37
2023-01-17,Europe,4,22.6,116,0.12,105.1,1,31
2023-01-18,Asia,6,2.9,11,0.15,103.17,4,35
2023-01-18,Europe,3,4.8,62,0.12,89.89,4,34
2023-01-19,Asia,9,9.8,92,0.15,86.74,1,39
2023-01-19,Europe,7,13.4,108,0.12,83.16,5,43
2023-01-20,Asia,1,-6.6,18,0.15,85.51,2,51
2023-01-20,Europe,9,4.3,65,0.12,85.34,2,56
2023-01-21,Asia,5,12.1,34,0.15,83.24,6,57
2023-01-21,Europe,1,21.8,15,0.12,90.82,7,18
2023-01-22,Asia,1,29.7,32,0.15,103.65,6,39
2023-01-22,Europe,7,6.9,70,0.12,80.74,4,26
2023-01-23,Asia,8,16.7,79,0.15,107.74,5,34
2023-01-23,Europe,3,-1.7,109,0.12,75.06,2,17
2023-01-24,Asia,8,3.1,77,0.15,84.6,4,48
2023-01-24,Europe,1,14.7,38,0.12,92.34,4,15
2023-01-25,Asia,6,14.2,22,0.15,101.03,1,39
2023-01-25,Europe,4,17.5,38,0.12,99.32,2,16
2023-01-26,Asia,2,5.3,103,0.15,99.82,3,27
2023-01-26,Europe,7,-2.0,51,0.12,92.97,3,24
2023-01-27,Asia,4,17.9,101,0.15,92.17,3,56
2023-01-27,Europe,9,17.3,97,0.12,89.12,7,46
2023-01-28,Asia,3,16.5,75,0.15,106.55,5,36
2023-01-28,Europe,7,6.1,101,0.12,82.32,7,15
2023-01-29,Asia,9,5.1,64,0.15,92.18,3,58
2023-01-29,Europe,2,13.1,46,0.12,90.31,6,25
2023-01-30,Asia,2,5.2,31,0.15,82.0,1,49
2023-01-30,Europe,4,17.2,108,0.12,79.92,5,32
2023-01-31,Asia,3,25.3,91,0.15,85.7,5,53
2023-01-31,Europe,2,13.3,60,0.12,85.6,7,35
2023-02-01,Asia,7,14.6,113,0.15,98.3,2,47
2023-02-01,Europe,6,23.8,79,0.12,88.55,5,24
2023-02-02,Asia,8,7.0,25,0.15,101.39,4,28
2023-02-02,Europe,5,-4.0,92,0.12,102.11,1,10
2023-02-03,Asia,1,21.6,117,0.15,93.66,6,47
2023-02-03,Europe,9,6.1,78,0.12,77.07,7,48
2023-02-04,Asia,6,13.6,0,0.15,92.82,5,48
2023-02-04,Europe,2,18.3,75,0.12,76.13,2,15
2023-02-05,Asia,3,11.3,70,0.15,91.89,7,25
2023-02-05,Europe,9,17.0,11,0.12,92.19,5,24
2023-02-06,Asia,8,16.6,45,0.15,84.49,4,36
2023-02-06,Europe,7,1.1,95,0.12,106.45,3,37
2023-02-07,Asia,6,7.4,72,0.15,70.36,2,47
2023-02-07,Europe,3,15.7,26,0.12,94.23,4,55
2023-02-08,Asia,5,4.5,58,0.15,63.39,4,20
2023-02-08,Europe,5,6.8,5,0.12,80.51,7,17
2023-02-09,Asia,4,11.2,4,0.15,102.52,3,24
2023-02-09,Europe,2,13.0,45,0.12,108.56,6,50
2023-02-10,Asia,5,13.4,74,0.15,105.42,1,44
2023-02-10,Europe,1,17.3,51,0.12,82.86,2,45
2023-02-11,Asia,5,8.4,11,0.15,88.27,2,55
2023-02-11,Europe,8,7.6,28,0.12,86.01,4,59
2023-02-12,Asia,9,8.0,60,0.15,87.37,4,59
2023-02-12,Europe,5,6.4,98,0.12,73.47,6,18
2023-02-13,Asia,4,-2.0,40,0.15,89.44,7,32
2023-02-13,Europe,4,7.0,110,0.12,80.53,6,15
2023-02-14,Asia,4,16.9,21,0.15,97.57,2,25
2023-02-14,Europe,4,11.3,51,0.12,84.61,5,28
2023-02-15,Asia,2,11.4,0,0.15,81.26,5,36
2023-02-15,Europe,1,13.2,98,0.12,92.57,6,22
2023-02-16,Asia,3,6.1,106,0.15,108.2,3,49
2023-02-16,Europe,6,15.0,14,0.12,108.6,1,31
2023-02-17,Asia,5,8.7,25,0.15,100.66,6,20
2023-02-17,Europe,4,-3.8,49,0.12,82.78,2,14
2023-02-18,Asia,4,3.6,97,0.15,95.54,5,38
2023-02-18,Europe,6,7.7,44,0.12,103.16,7,40
2023-02-19,Asia,4,11.8,20,0.15,75.53,4,55
2023-02-19,Europe,4,10.3,33,0.12,97.74,3,58
2023-02-20,Asia,6,5.7,52,0.15,90.07,3,56
2023-02-20,Europe,6,7.1,1,0.12,93.66,5,12
2023-02-21,Asia,6,4.6,109,0.15,92.08,2,36
2023-02-21,Europe,8,25.0,29,0.12,92.44,3,13
2023-02-22,Asia,8,20.5,109,0.15,78.18,6,36
2023-02-22,Europe,2,9.5,83,0.12,81.3,4,28
2023-02-23,Asia,9,11.4,80,0.15,68.12,3,42
2023-02-23,Europe,5,0.2,88,0.12,99.13,4,30
2023-02-24,Asia,6,10.5,28,0.15,75.27,6,10
2023-02-24,Europe,8,3.5,58,0.12,92.79,7,48
2023-02-25,Asia,5,15.5,34,0.15,83.66,1,24
2023-02-25,Europe,1,15.8,57,0.12,101.62,5,21
2023-02-26,Asia,6,17.0,81,0.15,87.58,2,31
2023-02-26,Europe,4,29.2,49,0.12,84.29,3,53
2023-02-27,Asia,1,19.7,29,0.15,72.54,4,23
2023-02-27,Europe,7,12.1,94,0.12,84.27,1,46
2023-02-28,Asia,1,20.1,44,0.15,103.65,4,24
2023-02-28,Europe,8,12.8,90,0.12,80.71,6,32
2023-03-01,Asia,7,15.6,38,0.15,91.73,6,32
2023-03-01,Europe,3,23.9,47,0.12,94.99,7,54
2023-03-02,Asia,5,0.2,83,0.15,103.14,2,38
2023-03-02,Europe,8,3.9,52,0.12,91.82,4,17
2023-03-03,Asia,3,-1.3,93,0.15,100.08,4,55
2023-03-03,Europe,8,7.8,9,0.12,87.39,5,11
2023-03-04,Asia,1,8.7,102,0.15,77.19,6,16
2023-03-04,Europe,1,23.3,12,0.12,89.26,3,21
2023-03-05,Asia,2,17.8,36,0.15,86.27,2,47
2023-03-05,Europe,7,4.5,49,0.12,100.17,7,52
2023-03-06,Asia,1,20.1,25,0.15,80.16,1,59
2023-03-06,Europe,6,15.0,62,0.12,73.07,4,54
2023-03-07,Asia,4,3.2,21,0.15,90.25,6,12
2023-03-07,Europe,7,10.9,70,0.12,95.33,7,38
2023-03-08,Asia,9,13.1,83,0.15,92.26,2,42
2023-03-08,Europe,7,14.7,103,0.12,97.84,1,17
2023-03-09,Asia,5,13.9,110,0.15,84.36,7,42
2023-03-09,Europe,9,10.3,100,0.12,84.42,4,38
2023-03-10,Asia,6,13.3,27,0.15,91.1,6,55
2023-03-10,Europe,7,12.5,5,0.12,78.47,5,49
2023-03-11,Asia,7,6.4,37,0.15,86.22,2,56
2023-03-11,Europe,5,17.0,24,0.12,92.52,4,43
2023-03-12,Asia,6,7.4,41,0.15,82.88,5,41
2023-03-12,Europe,5,2.4,89,0.12,73.44,4,45
2023-03-13,Asia,5,2.8,41,0.15,93.03,4,22
2023-03-13,Europe,3,25.1,64,0.12,109.72,5,39
2023-03-14,Asia,5,25.1,57,0.15,73.97,7,21
2023-03-14,Europe,2,5.4,105,0.12,79.94,5,20
2023-03-15,Asia,1,12.1,66,0.15,90.21,3,20
2023-03-15,Europe,6,12.1,97,0.12,85.14,3,45
2023-03-16,Asia,4,4.2,84,0.15,94.96,4,17
2023-03-16,Europe,6,-2.4,110,0.12,96.13,7,40
2023-03-17,Asia,9,7.1,3,0.15,93.01,3,55
2023-03-17,Europe,8,17.5,118,0.12,92.81,3,45
2023-03-18,Asia,4,6.8,15,0.15,78.26,6,18
2023-03-18,Europe,3,14.3,62,0.12,75.1,4,37
2023-03-19,Asia,8,9.6,40,0.15,81.41,4,20
2023-03-19,Europe,4,13.0,26,0.12,103.27,3,48
2023-03-20,Asia,9,10.3,108,0.15,87.5,2,18
2023-03-20,Europe,8,-1.3,116,0.12,66.16,4,45
2023-03-21,Asia,9,14.3,70,0.15,82.84,2,17
2023-03-21,Europe,3,6.2,78,0.12,93.31,2,47
2023-03-22,Asia,5,2.9,40,0.15,78.8,1,44
2023-03-22,Europe,4,11.5,95,0.12,89.9,3,19
2023-03-23,Asia,9,5.3,52,0.15,94.74,3,13
2023-03-23,Europe,4,18.7,43,0.12,89.45,7,48
2023-03-24,Asia,6,10.1,105,0.15,91.59,5,35
2023-03-24,Europe,2,8.0,113,0.12,82.91,2,30
2023-03-25,Asia,8,8.5,92,0.15,109.05,1,41
2023-03-25,Europe,8,11.2,42,0.12,91.48,7,52
2023-03-26,Asia,5,5.8,22,0.15,110.12,2,27
2023-03-26,Europe,1,19.0,12,0.12,92.45,5,40
2023-03-27,Asia,8,-1.6,69,0.15,85.66,5,43
2023-03-27,Europe,8,-1.6,19,0.12,89.93,6,22
2023-03-28,Asia,5,21.1,29,0.15,87.63,5,13
2023-03-28,Europe,2,21.2,23,0.12,93.43,1,50
2023-03-29,Asia,8,17.2,58,0.15,99.16,3,47
2023-03-29,Europe,7,15.9,50,0.12,77.04,4,44
2023-03-30,Asia,8,7.9,103,0.15,99.59,6,32
2023-03-30,Europe,1,5.3,35,0.12,77.47,5,58
2023-03-31,Asia,2,7.3,88,0.15,89.03,2,39
2023-03-31,Europe,9,2.7,0,0.12,86.63,7,32
2023-04-01,Asia,2,13.4,74,0.15,72.02,1,20
2023-04-01,Europe,1,15.1,9,0.12,92.96,4,22
2023-04-02,Asia,8,4.5,61,0.15,96.35,5,21
2023-04-02,Europe,6,15.6,38,0.12,89.09,1,44
2023-04-03,Asia,7,7.5,38,0.15,82.56,1,42
2023-04-03,Europe,2,20.7,43,0.12,94.53,2,46
2023-04-04,Asia,7,14.8,59,0.15,91.37,3,45
2023-04-04,Europe,4,7.2,76,0.12,82.02,4,29
2023-04-05,Asia,6,-2.2,21,0.15,85.34,7,32
2023-04-05,Europe,1,15.9,29,0.12,90.17,6,56
2023-04-06,Asia,4,14.9,61,0.15,105.72,6,13
2023-04-06,Europe,3,19.4,39,0.12,99.22,1,25
2023-04-07,Asia,7,6.5,34,0.15,102.4,1,49
2023-04-07,Europe,7,11.9,110,0.12,70.02,7,19
2023-04-08,Asia,7,8.9,114,0.15,82.02,4,40
2023-04-08,Europe,7,17.9,72,0.12,89.14,3,42
2023-04-09,Asia,3,1.5,34,0.15,97.67,1,30
2023-04-09,Europe,7,11.4,38,0.12,77.06,3,34
2023-04-10,Asia,2,-3.3,88,0.15,75.99,5,45
2023-04-10,Europe,8,2.0,99,0.12,83.28,1,56
2023-04-11,Asia,3,23.4,23,0.15,88.21,6,58
2023-04-11,Europe,1,10.7,37,0.12,94.13,2,50
2023-04-12,Asia,5,7.6,49,0.15,85.44,5,19
2023-04-12,Europe,7,14.1,86,0.12,96.87,6,15
2023-04-13,Asia,4,19.6,56,0.15,89.19,2,31
2023-04-13,Europe,6,10.1,112,0.12,99.54,3,55
2023-04-14,Asia,9,9.6,5,0.15,81.57,6,36
2023-04-14,Europe,3,3.3,105,0.12,80.97,6,37
2023-04-15,Asia,9,24.5,107,0.15,90.87,1,54
2023-04-15,Europe,5,2.1,69,0.12,84.42,2,13
2023-04-16,Asia,9,23.8,107,0.15,113.78,7,53
2023-04-16,Europe,4,38.7,36,0.12,101.42,7,21
2023-04-17,Asia,1,11.1,45,0.15,81.75,6,22
2023-04-17,Europe,1,9.8,66,0.12,87.24,5,25
2023-04-18,Asia,3,10.3,17,0.15,95.76,1,59
2023-04-18,Europe,6,16.9,47,0.12,87.53,6,32
2023-04-19,Asia,8,8.9,6,0.15,85.73,2,27
2023-04-19,Europe,6,20.6,78,0.12,82.9,4,39
2023-04-20,Asia,8,16.5,14,0.15,81.57,6,59
2023-04-20,Europe,7,13.8,62,0.12,82.38,3,33
2023-04-21,Asia,2,0.2,59,0.15,78.7,5,45
2023-04-21,Europe,1,6.8,37,0.12,101.55,2,34
2023-04-22,Asia,1,15.8,49,0.15,91.14,7,26
2023-04-22,Europe,5,18.0,88,0.12,87.24,5,39
2023-04-23,Asia,8,25.3,37,0.15,94.71,5,27
2023-04-23,Europe,4,18.4,55,0.12,75.83,2,40
2023-04-24,Asia,6,14.1,18,0.15,78.73,4,40
2023-04-24,Europe,4,14.5,1,0.12,92.94,6,54
2023-04-25,Asia,1,2.9,109,0.15,76.95,2,21
2023-04-25,Europe,8,8.0,42,0.12,95.78,2,26
2023-04-26,Asia,3,1.7,8,0.15,78.94,2,10
2023-04-26,Europe,2,8.9,85,0.12,83.63,2,35
2023-04-27,Asia,3,18.3,67,0.15,85.98,5,38
2023-04-27,Europe,6,4.4,27,0.12,95.61,3,45
2023-04-28,Asia,1,3.2,63,0.15,75.66,6,41
2023-04-28,Europe,9,18.8,46,0.12,80.15,2,54
2023-04-29,Asia,1,14.3,26,0.15,91.91,5,20
2023-04-29,Europe,6,17.3,38,0.12,93.61,4,37
2023-04-30,Asia,1,5.8,113,0.15,95.29,4,21
2023-04-30,Europe,3,13.7,74,0.12,96.11,2,27
2023-05-01,Asia,3,11.6,32,0.15,97.24,2,29
2023-05-01,Europe,2,10.6,47,0.12,99.46,5,16
2023-05-02,Asia,6,18.6,95,0.15,98.33,4,25
2023-05-02,Europe,7,13.4,90,0.12,86.21,5,14
2023-05-03,Asia,8,1.0,95,0.15,80.69,1,58
2023-05-03,Europe,3,12.1,60,0.12,91.47,4,17
2023-05-04,Asia,1,13.0,35,0.15,80.6,4,26
2023-05-04,Europe,6,25.1,66,0.12,95.34,3,20
2023-05-05,Asia,5,8.5,73,0.15,86.04,2,53
2023-05-05,Europe,6,7.8,54,0.12,81.64,7,27
2023-05-06,Asia,3,15.8,58,0.15,82.32,6,20
2023-05-06,Europe,1,6.0,10,0.12,106.8,3,50
2023-05-07,Asia,5,3.7,47,0.15,79.68,6,47
2023-05-07,Europe,3,13.0,74,0.12,75.36,6,49
2023-05-08,Asia,7,13.4,65,0.15,94.81,3,33
2023-05-08,Europe,2,15.0,103,0.12,107.17,5,52
2023-05-09,Asia,7,12.1,57,0.15,89.78,2,35
2023-05-09,Europe,2,8.4,109,0.12,85.07,4,22
2023-05-10,Asia,7,1.0,96,0.15,78.17,6,54
2023-05-10,Europe,6,11.7,39,0.12,86.97,3,59
2023-05-11,Asia,1,9.6,55,0.15,99.91,2,10
2023-05-11,Europe,8,21.8,111,0.12,113.96,6,35
2023-05-12,Asia,7,1.2,35,0.15,92.32,2,38
2023-05-12,Europe,6,3.0,74,0.12,100.25,7,19
2023-05-13,Asia,6,5.6,12,0.15,95.62,6,12
2023-05-13,Europe,9,12.7,36,0.12,83.92,5,37
2023-05-14,Asia,2,7.4,32,0.15,94.69,2,26
2023-05-14,Europe,8,7.1,5,0.12,76.0,2,19
2023-05-15,Asia,6,5.0,55,0.15,90.56,4,22
2023-05-15,Europe,3,7.4,45,0.12,108.74,2,49
2023-05-16,Asia,3,9.2,45,0.15,95.7,4,15
2023-05-16,Europe,3,4.7,37,0.12,94.13,5,53
2023-05-17,Asia,3,12.4,113,0.15,88.04,2,54
2023-05-17,Europe,8,8.4,111,0.12,82.59,2,18
2023-05-18,Asia,7,0.7,63,0.15,96.72,2,33
2023-05-18,Europe,2,8.3,74,0.12,78.88,2,15
2023-05-19,Asia,1,14.5,117,0.15,99.69,3,18
2023-05-19,Europe,2,5.0,30,0.12,75.03,1,27
2023-05-20,Asia,6,20.8,67,0.15,83.58,4,44
2023-05-20,Europe,4,9.3,57,0.12,89.52,6,16
2023-05-21,Asia,5,18.3,66,0.15,89.39,7,48
2023-05-21,Europe,5,14.0,13,0.12,107.96,6,54
2023-05-22,Asia,1,25.9,101,0.15,77.77,2,40
2023-05-22,Europe,9,24.0,11,0.12,87.26,5,20
2023-05-23,Asia,7,21.6,87,0.15,93.08,5,26
2023-05-23,Europe,9,7.3,29,0.12,97.66,3,43
2023-05-24,Asia,5,-5.5,109,0.15,85.65,5,11
2023-05-24,Europe,9,15.0,48,0.12,67.37,1,16
2023-05-25,Asia,2,0.8,26,0.15,93.05,4,50
2023-05-25,Europe,8,2.6,87,0.12,90.16,7,45
2023-05-26,Asia,4,21.1,24,0.15,75.35,5,56
2023-05-26,Europe,2,25.0,30,0.12,107.73,2,35
2023-05-27,Asia,7,19.8,4,0.15,92.76,4,30
2023-05-27,Europe,9,9.9,23,0.12,93.89,3,17
2023-05-28,Asia,3,5.9,59,0.15,81.83,7,55
2023-05-28,Europe,3,28.6,8,0.12,93.19,2,22
2023-05-29,Asia,9,2.6,103,0.15,90.86,5,18
2023-05-29,Europe,8,10.4,86,0.12,78.68,4,51
2023-05-30,Asia,5,12.9,107,0.15,91.54,2,56
2023-05-30,Europe,9,16.4,8,0.12,85.75,3,38
2023-05-31,Asia,6,-0.5,12,0.15,85.55,3,20
2023-05-31,Europe,3,12.5,34,0.12,101.42,6,20
2023-06-01,Asia,6,15.9,48,0.15,91.12,3,38
2023-06-01,Europe,8,3.6,89,0.12,76.34,5,54
2023-06-02,Asia,7,9.0,73,0.15,83.39,7,46
2023-06-02,Europe,9,16.4,50,0.12,90.83,5,17
2023-06-03,Asia,9,9.4,10,0.15,78.51,6,25
2023-06-03,Europe,6,15.8,18,0.12,73.49,4,28
2023-06-04,Asia,3,16.3,30,0.15,99.85,7,57
2023-06-04,Europe,9,21.2,109,0.12,96.66,2,11
2023-06-05,Asia,4,15.7,54,0.15,88.43,4,22
2023-06-05,Europe,7,22.4,4,0.12,85.96,5,45
2023-06-06,Asia,6,9.4,13,0.15,98.66,2,57
2023-06-06,Europe,3,24.2,80,0.12,86.87,4,30
2023-06-07,Asia,3,8.8,93,0.15,90.14,2,32
2023-06-07,Europe,8,17.2,7,0.12,98.07,7,40
2023-06-08,Asia,8,15.7,4,0.15,97.88,4,53
2023-06-08,Europe,9,6.4,100,0.12,94.43,1,31
2023-06-09,Asia,3,0.6,69,0.15,98.91,1,55
2023-06-09,Europe,9,3.4,22,0.12,90.64,7,45
2023-06-10,Asia,4,17.8,45,0.15,90.68,6,45
2023-06-10,Europe,4,30.4,70,0.12,89.07,7,53
2023-06-11,Asia,3,19.3,32,0.15,111.59,7,46
2023-06-11,Europe,6,15.4,42,0.12,92.58,3,45
2023-06-12,Asia,2,20.7,27,0.15,91.41,3,12
2023-06-12,Europe,4,18.3,35,0.12,91.86,4,21
2023-06-13,Asia,4,24.2,87,0.15,90.69,4,37
2023-06-13,Europe,7,11.3,12,0.12,93.05,4,18
2023-06-14,Asia,7,21.5,91,0.15,91.58,2,43
2023-06-14,Europe,5,9.8,99,0.12,95.92,1,17
2023-06-15,Asia,2,19.6,51,0.15,85.56,7,45
2023-06-15,Europe,8,20.9,29,0.12,69.85,1,17
2023-06-16,Asia,1,2.9,116,0.15,99.56,7,10
2023-06-16,Europe,1,12.1,4,0.12,87.92,4,38
2023-06-17,Asia,3,5.4,108,0.15,94.91,3,35
2023-06-17,Europe,2,11.9,99,0.12,81.98,2,28
2023-06-18,Asia,7,16.2,64,0.15,96.88,3,16
2023-06-18,Europe,1,16.8,93,0.12,83.47,1,30
2023-06-19,Asia,3,2.3,105,0.15,88.13,2,38
2023-06-19,Europe,3,21.0,90,0.12,54.07,5,39
2023-06-20,Asia,6,7.7,118,0.15,92.59,2,23
2023-06-20,Europe,8,10.5,27,0.12,80.04,7,26
2023-06-21,Asia,3,1.8,74,0.15,90.17,1,39
2023-06-21,Europe,9,10.9,1,0.12,79.48,7,26
2023-06-22,Asia,6,8.3,42,0.15,106.06,5,42
2023-06-22,Europe,6,10.5,48,0.12,87.36,7,20
2023-06-23,Asia,6,8.8,71,0.15,89.11,1,38
2023-06-23,Europe,9,19.5,74,0.12,92.25,2,36
2023-06-24,Asia,2,17.3,47,0.15,94.45,7,17
2023-06-24,Europe,6,14.0,57,0.12,84.09,5,50
2023-06-25,Asia,3,31.2,46,0.15,76.36,6,52
2023-06-25,Europe,4,4.1,61,0.12,98.69,4,15
2023-06-26,Asia,3,9.3,65,0.15,89.28,7,26
2023-06-26,Europe,7,-0.3,107,0.12,95.85,5,27
2023-06-27,Asia,6,1.2,44,0.15,87.31,2,37
2023-06-27,Europe,1,20.0,103,0.12,91.38,4,45
2023-06-28,Asia,8,25.5,85,0.15,99.13,2,40
2023-06-28,Europe,9,24.0,11,0.12,100.24,7,41
2023-06-29,Asia,3,1.3,71,0.15,80.42,6,15
2023-06-29,Europe,2,12.4,41,0.12,88.52,5,52
2023-06-30,Asia,4,-1.0,66,0.15,94.29,3,57
2023-06-30,Europe,3,14.6,108,0.12,91.48,3,41
2023-07-01,Asia,5,15.5,118,0.15,81.5,3,10
2023-07-01,Europe,7,15.7,0,0.12,73.68,2,54
2023-07-02,Asia,4,25.9,88,0.15,89.09,5,48
2023-07-02,Europe,3,12.2,45,0.12,96.75,2,51
2023-07-03,Asia,3,-1.0,117,0.15,96.81,1,55
2023-07-03,Europe,5,10.5,64,0.12,96.94,3,38
2023-07-04,Asia,6,12.5,118,0.15,101.66,1,10
2023-07-04,Europe,6,5.8,43,0.12,79.92,3,55
2023-07-05,Asia,3,7.4,18,0.15,85.62,5,31
2023-07-05,Europe,3,10.7,23,0.12,87.65,1,59
2023-07-06,Asia,5,18.3,69,0.15,82.94,2,41
2023-07-06,Europe,8,7.2,101,0.12,89.06,2,12
2023-07-07,Asia,7,25.8,5,0.15,117.92,6,36
2023-07-07,Europe,5,12.8,97,0.12,96.81,4,15
2023-07-08,Asia,1,15.1,15,0.15,92.42,4,41
2023-07-08,Europe,4,8.6,15,0.12,91.24,4,51
2023-07-09,Asia,4,14.7,32,0.15,91.88,3,22
2023-07-09,Europe,9,10.1,69,0.12,86.02,7,43
2023-07-10,Asia,4,23.1,81,0.15,92.25,2,29
2023-07-10,Europe,9,5.1,42,0.12,92.38,1,49
2023-07-11,Asia,1,20.0,50,0.15,90.2,4,25
2023-07-11,Europe,7,16.1,52,0.12,94.57,6,12
2023-07-12,Asia,8,10.2,97,0.15,80.0,4,40
2023-07-12,Europe,5,1.1,52,0.12,82.75,3,56
2023-07-13,Asia,3,6.6,24,0.15,87.72,3,38
2023-07-13,Europe,7,17.3,48,0.12,96.27,1,12
2023-07-14,Asia,6,-2.1,95,0.15,108.77,5,14
2023-07-14,Europe,1,16.8,33,0.12,91.03,3,48
2023-07-15,Asia,8,5.8,26,0.15,85.62,5,18
2023-07-15,Europe,7,16.7,32,0.12,82.72,3,41
2023-07-16,Asia,5,12.1,83,0.15,97.7,3,21
2023-07-16,Europe,4,12.0,47,0.12,96.71,2,42
2023-07-17,Asia,4,19.4,84,0.15,91.25,2,52
2023-07-17,Europe,3,16.7,75,0.12,90.61,2,11
2023-07-18,Asia,9,9.6,79,0.15,97.33,3,56
2023-07-18,Europe,9,5.3,14,0.12,85.19,7,53
2023-07-19,Asia,6,20.1,73,0.15,90.07,2,28
2023-07-19,Europe,7,14.9,48,0.12,86.53,6,36
2023-07-20,Asia,2,3.2,25,0.15,93.71,3,45
2023-07-20,Europe,5,12.7,20,0.12,68.24,4,51
2023-07-21,Asia,7,11.2,92,0.15,92.55,5,51
2023-07-21,Europe,8,7.9,27,0.12,94.59,6,21
2023-07-22,Asia,8,-1.1,110,0.15,92.46,1,53
2023-07-22,Europe,6,9.9,113,0.12,105.87,2,10
2023-07-23,Asia,4,7.3,25,0.15,70.11,3,34
2023-07-23,Europe,2,10.3,118,0.12,87.41,7,47
2023-07-24,Asia,6,22.2,119,0.15,104.06,2,45
2023-07-24,Europe,4,0.3,75,0.12,97.23,6,29
2023-07-25,Asia,4,4.7,9,0.15,93.38,4,53
2023-07-25,Europe,8,11.6,45,0.12,90.32,1,15
2023-07-26,Asia,6,7.2,29,0.15,83.95,2,12
2023-07-26,Europe,1,24.3,67,0.12,89.11,2,19
2023-07-27,Asia,6,6.5,50,0.15,100.87,1,17
2023-07-27,Europe,3,18.7,111,0.12,85.81,1,25
2023-07-28,Asia,5,11.6,36,0.15,97.77,3,11
2023-07-28,Europe,4,12.0,52,0.12,109.49,1,28
2023-07-29,Asia,6,17.9,57,0.15,88.5,5,52
2023-07-29,Europe,7,19.8,107,0.12,93.12,5,50
2023-07-30,Asia,9,8.8,80,0.15,80.96,4,23
2023-07-30,Europe,5,7.1,44,0.12,83.58,4,12
2023-07-31,Asia,3,12.2,46,0.15,84.5,5,38
2023-07-31,Europe,3,11.9,109,0.12,78.46,6,21
2023-08-01,Asia,2,-1.1,4,0.15,104.7,6,19
2023-08-01,Europe,5,1.7,81,0.12,81.34,7,59
2023-08-02,Asia,4,12.3,103,0.15,88.59,6,43
2023-08-02,Europe,1,4.5,84,0.12,94.69,3,35
2023-08-03,Asia,3,20.4,93,0.15,86.36,5,21
2023-08-03,Europe,7,15.9,105,0.12,86.0,3,38
2023-08-04,Asia,9,5.0,93,0.15,98.21,1,58
2023-08-04,Europe,6,10.3,15,0.12,72.19,3,23
2023-08-05,Asia,3,5.8,21,0.15,93.81,5,11
2023-08-05,Europe,1,2.1,70,0.12,103.01,1,19
2023-08-06,Asia,6,18.4,88,0.15,103.1,3,39
2023-08-06,Europe,2,20.3,11,0.12,73.33,1,32
2023-08-07,Asia,1,18.8,22,0.15,77.09,5,52
2023-08-07,Europe,3,21.8,73,0.12,76.69,2,45
2023-08-08,Asia,6,14.0,117,0.15,112.58,4,33
2023-08-08,Europe,9,12.1,113,0.12,88.91,6,11
2023-08-09,Asia,6,13.8,75,0.15,105.93,2,48
2023-08-09,Europe,5,10.8,43,0.12,77.26,1,19
2023-08-10,Asia,7,14.1,50,0.15,78.17,4,50
2023-08-10,Europe,2,4.8,43,0.12,98.29,2,45
2023-08-11,Asia,5,8.2,67,0.15,97.26,4,32
2023-08-11,Europe,8,12.8,62,0.12,99.22,3,25
2023-08-12,Asia,2,13.1,40,0.15,84.72,7,17
2023-08-12,Europe,7,3.6,20,0.12,107.87,2,58
2023-08-13,Asia,9,25.0,50,0.15,98.29,4,50
2023-08-13,Europe,6,-8.3,21,0.12,78.51,2,37
2023-08-14,Asia,2,6.2,20,0.15,98.76,2,23
2023-08-14,Europe,4,9.9,6,0.12,82.81,7,55
2023-08-15,Asia,1,13.0,9,0.15,64.83,2,22
2023-08-15,Europe,8,7.6,96,0.12,91.38,3,28
2023-08-16,Asia,9,21.9,89,0.15,81.81,1,12
2023-08-16,Europe,2,19.0,106,0.12,103.89,5,45
2023-08-17,Asia,3,15.4,4,0.15,97.76,4,37
2023-08-17,Europe,7,5.4,9,0.12,79.15,6,16
2023-08-18,Asia,6,11.1,85,0.15,88.66,7,31
2023-08-18,Europe,3,13.7,3,0.12,91.58,4,27
2023-08-19,Asia,8,22.7,113,0.15,88.93,7,31
2023-08-19,Europe,4,17.8,83,0.12,98.83,3,18
2023-08-20,Asia,2,12.1,29,0.15,100.03,2,28
2023-08-20,Europe,9,14.7,13,0.12,80.96,3,38
2023-08-21,Asia,6,16.6,99,0.15,75.64,4,16
2023-08-21,Europe,7,-0.8,19,0.12,99.44,7,29
2023-08-22,Asia,5,5.1,29,0.15,91.49,4,32
2023-08-22,Europe,5,8.8,99,0.12,92.85,2,37
2023-08-23,Asia,4,-0.4,25,0.15,90.26,6,16
2023-08-23,Europe,5,5.1,116,0.12,79.85,7,29
2023-08-24,Asia,4,13.0,87,0.15,74.22,1,37
2023-08-24,Europe,2,4.5,93,0.12,81.75,4,55
2023-08-25,Asia,3,1.6,5,0.15,89.94,2,40
2023-08-25,Europe,4,11.5,51,0.12,77.84,5,48
2023-08-26,Asia,5,11.6,60,0.15,93.45,5,43
2023-08-26,Europe,4,-0.1,97,0.12,99.5,7,41
2023-08-27,Asia,6,10.9,26,0.15,112.02,4,50
2023-08-27,Europe,3,2.9,17,0.12,90.47,2,23
2023-08-28,Asia,4,8.0,7,0.15,105.81,2,14
2023-08-28,Europe,7,21.8,98,0.12,103.9,1,16
2023-08-29,Asia,3,8.9,115,0.15,85.71,4,43
2023-08-29,Europe,4,21.8,36,0.12,89.76,3,18
2023-08-30,Asia,4,2.4,50,0.15,83.48,1,34
2023-08-30,Europe,4,3.3,111,0.12,80.15,7,47
2023-08-31,Asia,3,1.3,26,0.15,112.2,4,41
2023-08-31,Europe,6,20.4,92,0.12,83.98,6,31
2023-09-01,Asia,9,3.1,47,0.15,80.85,6,16
2023-09-01,Europe,7,14.6,60,0.12,99.96,1,49
2023-09-02,Asia,3,6.7,1,0.15,83.1,4,49
2023-09-02,Europe,3,13.2,56,0.12,83.06,7,58
2023-09-03,Asia,2,9.9,30,0.15,81.38,5,52
2023-09-03,Europe,4,26.2,54,0.12,96.55,3,57
2023-09-04,Asia,5,16.3,11,0.15,90.44,6,33
2023-09-04,Europe,2,18.6,15,0.12,87.24,2,22
2023-09-05,Asia,2,14.2,13,0.15,83.16,6,44
2023-09-05,Europe,9,4.1,11,0.12,94.23,5,27
2023-09-06,Asia,8,5.3,19,0.15,111.38,5,56
2023-09-06,Europe,8,18.7,43,0.12,85.07,4,21
2023-09-07,Asia,9,20.9,0,0.15,67.49,7,52
2023-09-07,Europe,7,10.5,108,0.12,72.67,2,44
2023-09-08,Asia,1,12.2,79,0.15,89.41,4,29
2023-09-08,Europe,6,15.4,11,0.12,94.14,5,26
2023-09-09,Asia,1,7.3,74,0.15,98.53,2,15
2023-09-09,Europe,9,11.3,101,0.12,72.5,1,21
2023-09-10,Asia,7,8.4,103,0.15,97.45,3,49
2023-09-10,Europe,7,15.6,109,0.12,84.86,1,47
2023-09-11,Asia,7,19.1,20,0.15,86.48,4,48
2023-09-11,Europe,9,12.4,22,0.12,82.97,4,35
2023-09-12,Asia,5,23.8,60,0.15,93.53,3,41
2023-09-12,Europe,1,3.6,119,0.12,90.17,5,27
2023-09-13,Asia,1,19.7,71,0.15,94.28,5,13
2023-09-13,Europe,4,12.1,81,0.12,99.57,4,10
2023-09-14,Asia,1,-7.5,87,0.15,99.64,4,39
2023-09-14,Europe,6,15.4,67,0.12,82.95,4,16
2023-09-15,Asia,1,13.4,46,0.15,86.71,1,30
2023-09-15,Europe,4,16.8,96,0.12,67.37,5,30
2023-09-16,Asia,9,21.4,99,0.15,87.36,4,41
2023-09-16,Europe,7,20.6,36,0.12,81.22,6,34
2023-09-17,Asia,7,1.2,31,0.15,93.63,7,14
2023-09-17,Europe,7,12.7,28,0.12,88.09,6,54
2023-09-18,Asia,4,21.9,85,0.15,94.71,7,21
2023-09-18,Europe,8,-2.6,71,0.12,87.13,3,27
2023-09-19,Asia,8,8.2,112,0.15,91.97,3,29
2023-09-19,Europe,2,20.3,79,0.12,96.82,4,19
2023-09-20,Asia,3,8.8,21,0.15,91.29,4,56
2023-09-20,Europe,4,8.6,17,0.12,95.57,2,27
2023-09-21,Asia,8,19.9,41,0.15,81.21,2,12
2023-09-21,Europe,5,5.3,21,0.12,86.94,7,21
2023-09-22,Asia,7,5.6,96,0.15,97.2,7,57
2023-09-22,Europe,3,10.0,95,0.12,97.17,2,22
2023-09-23,Asia,7,9.8,95,0.15,85.48,4,32
2023-09-23,Europe,4,4.3,97,0.12,97.63,1,56
2023-09-24,Asia,4,-1.0,94,0.15,72.21,6,38
2023-09-24,Europe,6,11.4,103,0.12,110.29,3,29
2023-09-25,Asia,6,11.7,30,0.15,90.42,7,48
2023-09-25,Europe,3,-3.1,103,0.12,81.61,3,40
2023-09-26,Asia,3,7.1,71,0.15,104.66,1,53
2023-09-26,Europe,2,9.3,77,0.12,96.06,6,59
2023-09-27,Asia,9,13.8,75,0.15,97.77,6,58
2023-09-27,Europe,6,13.2,11,0.12,99.92,5,30
2023-09-28,Asia,1,20.0,29,0.15,87.5,1,12
2023-09-28,Europe,5,13.4,5,0.12,87.92,2,25
2023-09-29,Asia,3,8.2,6,0.15,97.22,3,20
2023-09-29,Europe,4,24.0,29,0.12,69.86,7,20
2023-09-30,Asia,1,16.7,44,0.15,109.24,5,24
2023-09-30,Europe,3,12.3,103,0.12,79.6,5,25
2023-10-01,Asia,3,10.0,34,0.15,85.68,1,59
2023-10-01,Europe,7,4.1,21,0.12,86.01,5,15
2023-10-02,Asia,2,10.6,1,0.15,82.95,4,41
2023-10-02,Europe,4,14.9,36,0.12,86.88,2,47
2023-10-03,Asia,1,16.2,84,0.15,105.7,3,52
2023-10-03,Europe,2,3.1,107,0.12,77.97,5,48
2023-10-04,Asia,2,13.5,60,0.15,97.77,7,37
2023-10-04,Europe,1,24.1,91,0.12,84.21,3,39
2023-10-05,Asia,1,3.8,46,0.15,77.27,5,27
2023-10-05,Europe,1,16.4,59,0.12,89.5,2,35
2023-10-06,Asia,3,5.9,41,0.15,70.92,5,15
2023-10-06,Europe,8,17.8,18,0.12,84.93,3,54
2023-10-07,Asia,8,13.6,67,0.15,71.94,1,31
2023-10-07,Europe,6,20.0,12,0.12,84.5,7,36
2023-10-08,Asia,7,22.2,23,0.15,101.14,2,24
2023-10-08,Europe,1,21.7,44,0.12,98.37,3,36
2023-10-09,Asia,9,19.0,77,0.15,78.07,7,50
2023-10-09,Europe,2,14.9,74,0.12,97.87,5,30
2023-10-10,Asia,7,12.7,69,0.15,113.9,6,13
2023-10-10,Europe,3,18.2,29,0.12,98.67,2,18
2023-10-11,Asia,4,17.2,10,0.15,86.58,4,53
2023-10-11,Europe,8,13.3,17,0.12,90.68,3,53
2023-10-12,Asia,4,5.4,69,0.15,104.82,1,24
2023-10-12,Europe,1,4.2,41,0.12,66.51,4,31
2023-10-13,Asia,2,-2.9,46,0.15,83.18,3,27
2023-10-13,Europe,7,3.4,4,0.12,93.57,2,25
2023-10-14,Asia,5,14.0,23,0.15,77.96,5,30
2023-10-14,Europe,7,19.3,90,0.12,95.36,2,35
2023-10-15,Asia,1,25.6,27,0.15,66.15,2,10
2023-10-15,Europe,9,8.0,90,0.12,88.6,1,16
2023-10-16,Asia,4,10.9,65,0.15,104.5,3,14
2023-10-16,Europe,1,3.0,50,0.12,75.04,3,12
2023-10-17,Asia,3,3.5,62,0.15,87.55,6,51
2023-10-17,Europe,6,9.6,106,0.12,87.31,6,53
2023-10-18,Asia,2,11.6,47,0.15,79.81,4,29
2023-10-18,Europe,7,5.2,1,0.12,96.73,7,20
2023-10-19,Asia,8,23.1,82,0.15,102.37,6,55
2023-10-19,Europe,7,18.2,99,0.12,87.14,4,19
2023-10-20,Asia,8,23.5,93,0.15,102.36,4,54
2023-10-20,Europe,6,14.4,2,0.12,94.61,3,47
2023-10-21,Asia,2,10.5,81,0.15,81.75,4,31
2023-10-21,Europe,4,15.3,43,0.12,93.66,7,20
2023-10-22,Asia,7,15.8,104,0.15,83.23,2,14
2023-10-22,Europe,9,16.8,15,0.12,97.0,3,11
2023-10-23,Asia,3,13.7,114,0.15,95.95,7,35
2023-10-23,Europe,8,24.1,67,0.12,77.92,3,47
2023-10-24,Asia,8,7.6,76,0.15,72.32,6,37
2023-10-24,Europe,1,18.9,113,0.12,97.41,3,52
2023-10-25,Asia,8,13.4,63,0.15,97.93,5,31
2023-10-25,Europe,8,11.0,12,0.12,106.62,1,47
2023-10-26,Asia,7,-0.0,84,0.15,91.73,1,46
2023-10-26,Europe,6,1.9,29,0.12,94.07,7,12
2023-10-27,Asia,2,13.1,60,0.15,89.93,2,36
2023-10-27,Europe,7,21.8,0,0.12,77.43,7,31
2023-10-28,Asia,8,12.8,21,0.15,100.8,4,53
2023-10-28,Europe,5,16.6,40,0.12,86.15,6,30
2023-10-29,Asia,7,8.1,51,0.15,88.31,1,12
2023-10-29,Europe,9,10.0,29,0.12,85.16,3,25
2023-10-30,Asia,3,15.6,69,0.15,80.89,5,24
2023-10-30,Europe,6,20.0,5,0.12,95.73,4,49
2023-10-31,Asia,6,12.8,109,0.15,99.08,6,48
2023-10-31,Europe,7,18.9,113,0.12,80.98,2,24
2023-11-01,Asia,7,15.8,16,0.15,85.85,1,47
2023-11-01,Europe,5,31.4,105,0.12,94.63,7,48
2023-11-02,Asia,7,9.3,40,0.15,91.78,4,56
2023-11-02,Europe,9,17.6,36,0.12,93.02,3,18
2023-11-03,Asia,6,7.3,118,0.15,82.73,6,31
2023-11-03,Europe,6,-1.3,104,0.12,96.65,1,43
2023-11-04,Asia,8,19.3,64,0.15,82.62,7,12
2023-11-04,Europe,1,9.4,8,0.12,84.7,2,24
2023-11-05,Asia,1,22.6,16,0.15,107.44,3,18
2023-11-05,Europe,9,15.3,48,0.12,75.68,6,54
2023-11-06,Asia,5,10.7,38,0.15,111.57,6,26
2023-11-06,Europe,8,9.7,116,0.12,84.35,7,18
2023-11-07,Asia,4,12.8,63,0.15,97.51,2,54
2023-11-07,Europe,1,12.5,76,0.12,103.58,7,43
2023-11-08,Asia,2,15.0,32,0.15,111.56,2,14
2023-11-08,Europe,3,8.4,101,0.12,91.83,2,24
2023-11-09,Asia,8,7.4,39,0.15,94.99,1,10
2023-11-09,Europe,4,12.0,104,0.12,76.69,1,24
2023-11-10,Asia,5,14.0,30,0.15,87.14,4,35
2023-11-10,Europe,9,20.5,6,0.12,104.33,6,13
2023-11-11,Asia,1,6.3,34,0.15,96.05,6,22
2023-11-11,Europe,1,8.9,100,0.12,83.92,3,47
2023-11-12,Asia,1,12.9,9,0.15,116.34,5,53
2023-11-12,Europe,1,12.8,1,0.12,82.3,1,21
2023-11-13,Asia,9,13.4,107,0.15,80.82,2,44
2023-11-13,Europe,6,14.9,20,0.12,98.38,7,49
2023-11-14,Asia,3,12.9,25,0.15,84.86,7,57
2023-11-14,Europe,1,10.4,7,0.12,90.66,4,41
2023-11-15,Asia,3,1.9,119,0.15,98.28,6,37
2023-11-15,Europe,1,21.5,85,0.12,95.59,5,34
2023-11-16,Asia,4,12.7,21,0.15,82.2,3,53
2023-11-16,Europe,5,11.2,16,0.12,72.96,4,13
2023-11-17,Asia,5,21.8,15,0.15,82.4,3,17
2023-11-17,Europe,2,8.0,79,0.12,77.28,6,58
2023-11-18,Asia,2,8.6,24,0.15,88.39,6,37
2023-11-18,Europe,7,9.7,11,0.12,73.08,1,45
2023-11-19,Asia,7,9.9,77,0.15,89.31,7,18
2023-11-19,Europe,5,20.4,9,0.12,85.52,3,34
2023-11-20,Asia,4,16.3,99,0.15,100.62,3,57
2023-11-20,Europe,6,6.5,9,0.12,95.94,6,36
2023-11-21,Asia,7,11.1,12,0.15,79.05,3,23
2023-11-21,Europe,9,17.7,27,0.12,90.05,7,21
2023-11-22,Asia,8,5.1,25,0.15,89.9,6,16
2023-11-22,Europe,4,21.0,30,0.12,98.05,3,56
2023-11-23,Asia,9,12.2,1,0.15,98.01,7,49
2023-11-23,Europe,6,12.9,20,0.12,76.21,6,42
2023-11-24,Asia,4,28.8,51,0.15,89.8,6,12
2023-11-24,Europe,9,7.5,113,0.12,84.33,1,14
2023-11-25,Asia,9,-4.2,36,0.15,85.05,7,48
2023-11-25,Europe,7,9.7,7,0.12,65.26,3,19
2023-11-26,Asia,9,13.9,110,0.15,111.83,5,19
2023-11-26,Europe,9,18.2,91,0.12,82.31,4,42
2023-11-27,Asia,4,15.2,49,0.15,104.57,4,10
2023-11-27,Europe,3,5.5,3,0.12,105.17,3,23
2023-11-28,Asia,9,18.1,119,0.15,87.96,6,34
2023-11-28,Europe,1,21.0,112,0.12,81.62,2,13
2023-11-29,Asia,1,12.9,88,0.15,91.19,2,12
2023-11-29,Europe,1,12.2,106,0.12,94.13,4,25
2023-11-30,Asia,5,16.7,70,0.15,81.03,1,37
2023-11-30,Europe,5,20.8,115,0.12,107.96,7,35
2023-12-01,Asia,7,9.3,115,0.15,91.57,3,29
2023-12-01,Europe,2,1.9,54,0.12,91.27,6,47
2023-12-02,Asia,2,8.0,84,0.15,105.19,6,17
2023-12-02,Europe,7,13.8,98,0.12,88.62,7,17
2023-12-03,Asia,4,8.9,118,0.15,83.1,5,31
2023-12-03,Europe,1,9.0,111,0.12,92.03,6,42
2023-12-04,Asia,3,1.9,80,0.15,68.65,1,45
2023-12-04,Europe,1,19.1,9,0.12,85.51,5,36
2023-12-05,Asia,8,18.8,108,0.15,107.58,7,27
2023-12-05,Europe,3,12.8,12,0.12,77.81,1,33
2023-12-06,Asia,8,5.3,56,0.15,73.28,5,40
2023-12-06,Europe,6,15.8,35,0.12,104.9,7,52
2023-12-07,Asia,1,20.4,78,0.15,84.78,1,41
2023-12-07,Europe,7,21.1,60,0.12,78.24,1,18
2023-12-08,Asia,5,6.8,104,0.15,84.48,3,44
2023-12-08,Europe,3,26.2,34,0.12,96.73,4,55
2023-12-09,Asia,2,13.0,106,0.15,98.48,2,25
2023-12-09,Europe,5,8.2,113,0.12,91.97,2,30
2023-12-10,Asia,7,20.9,117,0.15,89.59,1,20
2023-12-10,Europe,2,10.9,112,0.12,86.5,4,35
2023-12-11,Asia,5,11.5,106,0.15,93.35,7,10
2023-12-11,Europe,7,9.7,69,0.12,105.89,7,36
2023-12-12,Asia,4,16.5,31,0.15,85.74,5,57
2023-12-12,Europe,1,10.4,109,0.12,105.34,3,32
2023-12-13,Asia,7,2.8,106,0.15,100.89,3,47
2023-12-13,Europe,2,4.0,95,0.12,88.07,5,35
2023-12-14,Asia,2,4.7,5,0.15,91.0,3,40
2023-12-14,Europe,5,1.8,3,0.12,80.37,4,54
2023-12-15,Asia,8,20.8,81,0.15,90.07,6,21
2023-12-15,Europe,1,8.5,48,0.12,87.12,1,20
2023-12-16,Asia,6,17.4,83,0.15,91.85,7,17
2023-12-16,Europe,6,10.1,1,0.12,85.51,3,51
2023-12-17,Asia,6,15.8,4,0.15,91.09,1,33
2023-12-17,Europe,8,7.2,23,0.12,103.76,2,17
2023-12-18,Asia,7,16.6,91,0.15,101.34,6,36
2023-12-18,Europe,4,6.8,73,0.12,75.49,2,51
2023-12-19,Asia,7,6.8,10,0.15,73.75,7,51
2023-12-19,Europe,1,10.5,6,0.12,108.0,1,21
2023-12-20,Asia,5,9.3,64,0.15,98.48,5,35
2023-12-20,Europe,1,-9.7,92,0.12,101.42,2,27
2023-12-21,Asia,5,22.3,74,0.15,94.28,7,52
2023-12-21,Europe,8,18.9,114,0.12,78.32,3,19
2023-12-22,Asia,4,-2.2,41,0.15,95.87,2,51
2023-12-22,Europe,9,8.5,23,0.12,68.6,5,52
2023-12-23,Asia,6,10.9,105,0.15,90.36,3,34
2023-12-23,Europe,3,12.2,86,0.12,88.76,3,50
2023-12-24,Asia,1,13.5,94,0.15,74.93,5,44
2023-12-24,Europe,5,24.4,68,0.12,83.22,7,40
2023-12-25,Asia,7,7.6,90,0.15,91.95,5,39
2023-12-25,Europe,1,20.0,5,0.12,75.37,7,14
2023-12-26,Asia,3,26.7,47,0.15,108.71,2,50
2023-12-26,Europe,8,0.3,105,0.12,81.74,7,46
2023-12-27,Asia,8,11.1,43,0.15,108.5,1,17
2023-12-27,Europe,4,18.3,62,0.12,95.9,2,25
2023-12-28,Asia,2,3.4,30,0.15,103.56,3,42
2023-12-28,Europe,2,11.1,24,0.12,90.15,4,42
2023-12-29,Asia,7,1.8,100,0.15,90.09,1,24
2023-12-29,Europe,1,25.6,84,0.12,79.23,2,12
2023-12-30,Asia,9,4.4,19,0.15,104.55,1,13
2023-12-30,Europe,8,2.0,87,0.12,70.3,7,12
2023-12-31,Asia,5,7.0,81,0.15,99.9,4,44
2023-12-31,Europe,1,-2.7,33,0.12,106.63,7,41
2024-01-01,Asia,8,18.2,91,0.15,80.42,6,31
2024-01-01,Europe,6,7.6,25,0.12,75.03,5,33
2024-01-02,Asia,3,18.2,108,0.15,113.76,6,22
2024-01-02,Europe,2,6.6,9,0.12,102.89,5,41
2024-01-03,Asia,8,6.0,92,0.15,99.71,1,46
2024-01-03,Europe,5,18.9,87,0.12,93.89,5,25
2024-01-04,Asia,6,15.7,14,0.15,76.85,2,58
2024-01-04,Europe,7,14.9,116,0.12,98.09,7,49
2024-01-05,Asia,5,19.1,55,0.15,86.44,1,12
2024-01-05,Europe,7,15.2,69,0.12,73.93,6,58
2024-01-06,Asia,7,3.9,62,0.15,82.83,6,42
2024-01-06,Europe,4,21.8,119,0.12,101.35,7,10
2024-01-07,Asia,2,15.5,105,0.15,105.54,5,33
2024-01-07,Europe,8,9.6,23,0.12,90.75,4,11
2024-01-08,Asia,7,6.0,32,0.15,78.46,2,30
2024-01-08,Europe,1,6.1,86,0.12,102.28,5,54
2024-01-09,Asia,5,2.6,81,0.15,95.04,6,34
2024-01-09,Europe,9,17.1,33,0.12,81.63,2,11
2024-01-10,Asia,5,5.5,68,0.15,99.97,4,23
2024-01-10,Europe,7,-0.5,39,0.12,70.71,6,24
2024-01-11,Asia,5,-2.3,63,0.15,90.52,2,46
2024-01-11,Europe,5,10.5,9,0.12,106.35,2,54
2024-01-12,Asia,3,-2.1,7,0.15,75.59,4,33
2024-01-12,Europe,8,2.9,26,0.12,84.62,2,18
2024-01-13,Asia,7,8.2,48,0.15,92.14,5,56
2024-01-13,Europe,4,19.4,16,0.12,92.61,2,17
2024-01-14,Asia,3,19.1,114,0.15,70.11,1,20
2024-01-14,Europe,5,16.2,7,0.12,101.69,1,19
2024-01-15,Asia,8,12.0,22,0.15,83.81,4,13
2024-01-15,Europe,6,8.5,3,0.12,98.94,2,48
2024-01-16,Asia,2,17.2,2,0.15,110.45,3,43
2024-01-16,Europe,3,-8.1,90,0.12,107.54,3,46
2024-01-17,Asia,7,1.8,29,0.15,80.34,2,13
2024-01-17,Europe,3,10.3,35,0.12,73.65,3,22
2024-01-18,Asia,8,14.7,10,0.15,90.48,1,15
2024-01-18,Europe,4,18.0,96,0.12,102.61,7,24
2024-01-19,Asia,7,18.5,70,0.15,86.66,1,25
2024-01-19,Europe,9,26.5,105,0.12,114.27,1,45
2024-01-20,Asia,8,27.8,23,0.15,87.55,1,50
2024-01-20,Europe,9,12.1,55,0.12,91.99,6,37
2024-01-21,Asia,8,5.6,42,0.15,97.74,2,36
2024-01-21,Europe,8,18.3,2,0.12,85.1,4,45
2024-01-22,Asia,8,10.7,88,0.15,101.41,2,14
2024-01-22,Europe,5,4.2,79,0.12,77.46,2,34
2024-01-23,Asia,6,18.4,111,0.15,92.96,5,20
2024-01-23,Europe,4,4.7,67,0.12,89.62,6,20
2024-01-24,Asia,4,19.1,56,0.15,90.45,5,47
2024-01-24,Europe,9,9.8,105,0.12,100.32,4,51
2024-01-25,Asia,6,3.2,25,0.15,90.39,6,21
2024-01-25,Europe,7,0.1,105,0.12,90.93,7,35
2024-01-26,Asia,5,10.9,6,0.15,89.36,4,27
2024-01-26,Europe,4,13.0,93,0.12,101.91,4,39
2024-01-27,Asia,5,21.3,13,0.15,67.12,4,32
2024-01-27,Europe,2,9.6,52,0.12,92.49,7,51
2024-01-28,Asia,7,2.3,99,0.15,80.62,5,40
2024-01-28,Europe,5,7.6,17,0.12,97.84,4,56
2024-01-29,Asia,9,18.9,40,0.15,105.01,3,16
2024-01-29,Europe,3,17.5,97,0.12,82.99,3,16
2024-01-30,Asia,3,14.5,17,0.15,88.92,6,28
2024-01-30,Europe,9,23.6,33,0.12,100.41,1,35
2024-01-31,Asia,6,3.3,81,0.15,73.03,5,51
2024-01-31,Europe,3,15.3,88,0.12,91.47,5,40
2024-02-01,Asia,8,6.8,69,0.15,74.03,3,36
2024-02-01,Europe,6,7.7,52,0.12,98.05,2,42
2024-02-02,Asia,3,28.5,98,0.15,75.56,7,23
2024-02-02,Europe,2,5.4,98,0.12,83.98,4,26
2024-02-03,Asia,6,6.2,84,0.15,99.91,2,55
2024-02-03,Europe,4,9.3,79,0.12,99.55,2,26
2024-02-04,Asia,6,9.0,92,0.15,90.88,5,27
2024-02-04,Europe,5,17.8,14,0.12,83.51,4,17
2024-02-05,Asia,4,8.9,67,0.15,94.89,3,22
2024-02-05,Europe,6,18.0,94,0.12,82.22,7,25
2024-02-06,Asia,4,12.0,80,0.15,83.77,4,48
2024-02-06,Europe,2,10.3,97,0.12,80.39,3,46
2024-02-07,Asia,2,4.7,59,0.15,94.51,3,57
2024-02-07,Europe,3,21.7,60,0.12,63.33,5,45
2024-02-08,Asia,6,15.7,52,0.15,96.17,4,33
2024-02-08,Europe,9,4.7,116,0.12,68.56,3,57
2024-02-09,Asia,3,5.2,31,0.15,96.44,6,29
2024-02-09,Europe,8,1.0,47,0.12,80.95,5,53
2024-02-10,Asia,6,11.9,70,0.15,73.57,5,10
2024-02-10,Europe,1,4.9,5,0.12,85.7,6,55
2024-02-11,Asia,1,21.9,0,0.15,93.59,5,57
2024-02-11,Europe,8,13.2,90,0.12,97.51,5,14
2024-02-12,Asia,6,12.3,0,0.15,89.29,4,12
2024-02-12,Europe,2,13.1,38,0.12,90.15,7,33
2024-02-13,Asia,5,2.7,10,0.15,102.89,5,19
2024-02-13,Europe,2,16.3,21,0.12,97.18,1,17
2024-02-14,Asia,1,14.0,94,0.15,99.52,2,23
2024-02-14,Europe,1,14.8,115,0.12,86.36,1,54
2024-02-15,Asia,2,16.8,108,0.15,89.69,2,12
2024-02-15,Europe,1,19.5,55,0.12,84.72,5,13
2024-02-16,Asia,7,8.0,22,0.15,86.91,6,15
2024-02-16,Europe,1,-4.7,98,0.12,79.03,5,40
2024-02-17,Asia,3,18.5,12,0.15,107.31,5,43
2024-02-17,Europe,5,19.3,27,0.12,78.84,7,44
2024-02-18,Asia,2,7.4,98,0.15,101.38,4,38
2024-02-18,Europe,8,4.3,48,0.12,92.8,4,39
2024-02-19,Asia,1,10.2,103,0.15,80.54,4,50
2024-02-19,Europe,1,5.6,92,0.12,93.64,2,36
2024-02-20,Asia,8,13.4,32,0.15,93.76,2,27
2024-02-20,Europe,9,11.7,97,0.12,78.45,3,45
2024-02-21,Asia,3,13.2,3,0.15,88.06,1,25
2024-02-21,Europe,6,11.9,75,0.12,93.78,3,34
2024-02-22,Asia,6,12.1,29,0.15,85.6,4,56
2024-02-22,Europe,6,2.3,3,0.12,103.81,2,40
2024-02-23,Asia,3,5.1,68,0.15,92.31,3,38
2024-02-23,Europe,7,-2.5,110,0.12,90.28,4,48
2024-02-24,Asia,4,7.8,95,0.15,95.68,6,40
2024-02-24,Europe,6,5.0,61,0.12,98.68,5,26
2024-02-25,Asia,8,24.7,43,0.15,74.41,2,58
2024-02-25,Europe,9,11.4,14,0.12,85.11,4,22
2024-02-26,Asia,4,22.6,47,0.15,95.98,4,56
2024-02-26,Europe,4,4.3,46,0.12,95.48,2,41
2024-02-27,Asia,6,6.7,105,0.15,104.31,5,48
2024-02-27,Europe,4,-0.6,68,0.12,90.51,6,44
2024-02-28,Asia,2,11.4,98,0.15,109.08,7,28
2024-02-28,Europe,2,22.4,50,0.12,93.12,7,33
2024-02-29,Asia,3,6.8,67,0.15,89.78,5,43
2024-02-29,Europe,8,8.0,61,0.12,82.01,3,52
2024-03-01,Asia,1,18.9,32,0.15,79.32,4,50
2024-03-01,Europe,8,5.3,52,0.12,86.08,7,31
2024-03-02,Asia,3,17.6,9,0.15,96.85,1,32
2024-03-02,Europe,3,19.0,25,0.12,87.72,2,11
2024-03-03,Asia,4,11.7,25,0.15,87.33,7,34
2024-03-03,Europe,7,15.2,57,0.12,105.5,6,10
2024-03-04,Asia,2,15.0,95,0.15,110.69,6,23
2024-03-04,Europe,8,14.8,78,0.12,106.19,3,43
2024-03-05,Asia,6,-6.4,97,0.15,73.79,4,55
2024-03-05,Europe,7,9.1,17,0.12,93.0,3,49
2024-03-06,Asia,2,13.9,52,0.15,100.78,7,52
2024-03-06,Europe,1,5.4,32,0.12,102.92,3,27
2024-03-07,Asia,5,10.6,44,0.15,94.87,4,13
2024-03-07,Europe,4,9.5,94,0.12,82.45,4,48
2024-03-08,Asia,7,10.1,54,0.15,85.82,3,39
2024-03-08,Europe,2,1.5,80,0.12,93.32,5,28
2024-03-09,Asia,9,9.6,112,0.15,91.49,3,24
2024-03-09,Europe,3,11.5,59,0.12,70.46,4,44
2024-03-10,Asia,7,3.8,10,0.15,104.96,7,35
2024-03-10,Europe,1,10.7,20,0.12,79.65,4,54
2024-03-11,Asia,1,16.3,66,0.15,123.67,7,40
2024-03-11,Europe,5,11.4,61,0.12,94.77,6,45
2024-03-12,Asia,8,21.1,14,0.15,90.72,4,36
2024-03-12,Europe,6,23.1,61,0.12,90.37,7,14
2024-03-13,Asia,7,16.6,70,0.15,88.87,7,31
2024-03-13,Europe,6,15.0,93,0.12,95.98,3,14
2024-03-14,Asia,3,10.9,26,0.15,71.61,5,51
2024-03-14,Europe,6,12.1,40,0.12,87.95,7,25
2024-03-15,Asia,5,5.5,59,0.15,98.66,6,48
2024-03-15,Europe,7,24.7,97,0.12,96.67,6,21
2024-03-16,Asia,2,10.3,85,0.15,107.18,3,26
2024-03-16,Europe,3,-1.6,28,0.12,86.4,1,59
2024-03-17,Asia,3,16.5,82,0.15,89.9,4,37
2024-03-17,Europe,9,-12.8,75,0.12,83.23,5,50
2024-03-18,Asia,6,18.2,79,0.15,87.79,1,43
2024-03-18,Europe,1,14.7,97,0.12,90.34,4,54
2024-03-19,Asia,2,18.2,114,0.15,81.93,1,18
2024-03-19,Europe,1,13.9,35,0.12,84.9,4,53
2024-03-20,Asia,5,13.5,43,0.15,74.68,4,15
2024-03-20,Europe,3,10.9,53,0.12,104.56,6,44
2024-03-21,Asia,8,16.7,6,0.15,71.09,3,17
2024-03-21,Europe,4,-0.5,68,0.12,108.61,1,15
2024-03-22,Asia,6,14.9,102,0.15,107.6,1,24
2024-03-22,Europe,5,16.2,90,0.12,95.4,5,26
2024-03-23,Asia,5,12.0,45,0.15,82.76,2,46
2024-03-23,Europe,5,13.8,96,0.12,94.22,2,53
2024-03-24,Asia,2,-1.8,11,0.15,93.38,4,15
2024-03-24,Europe,8,12.4,117,0.12,74.9,6,12
2024-03-25,Asia,4,7.5,77,0.15,74.53,7,13
2024-03-25,Europe,3,16.2,5,0.12,90.67,4,17
2024-03-26,Asia,9,24.2,40,0.15,87.61,2,26
2024-03-26,Europe,3,-1.1,81,0.12,90.25,1,39
2024-03-27,Asia,5,14.1,26,0.15,73.15,5,33
2024-03-27,Europe,6,0.1,71,0.12,81.74,1,13
2024-03-28,Asia,8,2.9,102,0.15,88.39,1,39
2024-03-28,Europe,1,9.9,106,0.12,85.61,6,47
2024-03-29,Asia,1,11.6,17,0.15,88.98,5,39
2024-03-29,Europe,1,11.8,10,0.12,89.53,2,27
2024-03-30,Asia,8,5.2,108,0.15,87.84,2,32
2024-03-30,Europe,8,12.6,111,0.12,92.99,6,53
2024-03-31,Asia,3,20.0,99,0.15,75.06,1,23
2024-03-31,Europe,1,25.0,53,0.12,77.46,6,11
2024-04-01,Asia,1,35.5,11,0.15,79.23,1,31
2024-04-01,Europe,2,10.6,38,0.12,85.37,6,18
2024-04-02,Asia,5,18.7,7,0.15,87.33,3,21
2024-04-02,Europe,8,17.1,81,0.12,96.53,1,20
2024-04-03,Asia,3,19.6,105,0.15,101.34,6,18
2024-04-03,Europe,8,14.7,95,0.12,84.91,2,27
2024-04-04,Asia,5,10.7,67,0.15,90.13,5,33
2024-04-04,Europe,1,4.9,2,0.12,84.47,4,44
2024-04-05,Asia,2,1.7,113,0.15,81.25,2,49
2024-04-05,Europe,6,4.3,14,0.12,102.92,5,13
2024-04-06,Asia,4,6.1,38,0.15,89.08,1,53
2024-04-06,Europe,3,-2.3,109,0.12,97.12,4,44
2024-04-07,Asia,8,15.4,2,0.15,71.07,6,26
2024-04-07,Europe,3,10.7,57,0.12,90.07,6,48
2024-04-08,Asia,3,11.1,54,0.15,109.13,5,29
2024-04-08,Europe,1,5.9,115,0.12,90.94,1,31
2024-04-09,Asia,7,16.4,61,0.15,82.62,7,27
2024-04-09,Europe,7,8.2,12,0.12,90.66,4,52
2024-04-10,Asia,3,18.4,116,0.15,102.31,4,45
2024-04-10,Europe,3,23.1,6,0.12,84.16,6,23
2024-04-11,Asia,5,15.2,48,0.15,84.57,1,46
2024-04-11,Europe,9,13.4,91,0.12,94.59,5,39
2024-04-12,Asia,6,8.5,99,0.15,95.26,4,30
2024-04-12,Europe,8,10.3,85,0.12,89.02,7,39
2024-04-13,Asia,2,6.8,101,0.15,84.21,2,18
2024-04-13,Europe,5,4.1,90,0.12,86.16,4,10
2024-04-14,Asia,7,16.0,27,0.15,86.54,1,32
2024-04-14,Europe,1,17.9,105,0.12,80.42,6,19
2024-04-15,Asia,6,1.1,8,0.15,89.97,7,58
2024-04-15,Europe,9,25.4,63,0.12,71.72,1,52
2024-04-16,Asia,2,1.7,59,0.15,88.21,2,51
2024-04-16,Europe,2,12.6,112,0.12,74.75,5,11
2024-04-17,Asia,6,19.2,3,0.15,96.8,1,12
2024-04-17,Europe,5,12.5,95,0.12,90.91,4,58
2024-04-18,Asia,5,15.4,98,0.15,93.95,7,11
2024-04-18,Europe,6,8.1,74,0.12,94.33,3,46
2024-04-19,Asia,1,13.7,50,0.15,102.19,4,37
2024-04-19,Europe,5,11.4,8,0.12,83.26,3,46
2024-04-20,Asia,5,8.1,76,0.15,81.02,5,20
2024-04-20,Europe,5,8.4,31,0.12,96.24,5,11
2024-04-21,Asia,1,22.4,14,0.15,75.38,7,39
2024-04-21,Europe,6,5.5,60,0.12,73.64,7,29
2024-04-22,Asia,9,11.9,103,0.15,95.06,7,16
2024-04-22,Europe,3,20.9,74,0.12,94.31,5,43
2024-04-23,Asia,3,17.5,90,0.15,80.92,5,23
2024-04-23,Europe,2,15.0,42,0.12,64.38,2,26
2024-04-24,Asia,6,20.3,96,0.15,78.34,6,27
2024-04-24,Europe,5,8.8,80,0.12,90.84,2,34
2024-04-25,Asia,3,12.9,68,0.15,81.83,2,49
2024-04-25,Europe,4,13.1,92,0.12,79.59,5,59
2024-04-26,Asia,1,8.7,103,0.15,84.67,3,48
2024-04-26,Europe,9,0.5,9,0.12,92.06,5,42
2024-04-27,Asia,7,20.7,103,0.15,104.49,2,45
2024-04-27,Europe,5,3.7,49,0.12,83.12,7,37
2024-04-28,Asia,8,5.2,17,0.15,80.98,4,49
2024-04-28,Europe,1,0.5,95,0.12,80.99,7,28
2024-04-29,Asia,1,5.6,118,0.15,98.23,1,50
2024-04-29,Europe,8,11.5,112,0.12,77.23,4,41
2024-04-30,Asia,7,17.1,57,0.15,101.13,3,14
2024-04-30,Europe,2,10.3,15,0.12,93.09,3,10
2024-05-01,Asia,8,14.2,99,0.15,84.6,5,10
2024-05-01,Europe,3,10.8,13,0.12,87.28,4,36
2024-05-02,Asia,6,11.9,23,0.15,100.08,2,34
2024-05-02,Europe,3,23.3,6,0.12,95.77,1,44
2024-05-03,Asia,6,19.9,70,0.15,85.85,3,47
2024-05-03,Europe,4,6.5,36,0.12,91.7,5,32
2024-05-04,Asia,8,6.4,100,0.15,100.64,5,49
2024-05-04,Europe,5,18.4,4,0.12,81.99,7,50
2024-05-05,Asia,3,11.9,86,0.15,91.81,4,30
2024-05-05,Europe,8,1.4,65,0.12,76.13,1,11
2024-05-06,Asia,4,17.5,77,0.15,83.94,5,57
2024-05-06,Europe,7,7.5,116,0.12,89.12,3,11
2024-05-07,Asia,7,12.2,107,0.15,80.49,3,31
2024-05-07,Europe,5,1.7,112,0.12,88.96,1,23
2024-05-08,Asia,5,8.6,10,0.15,112.74,6,46
2024-05-08,Europe,7,12.8,57,0.12,100.25,6,33
2024-05-09,Asia,3,15.3,61,0.15,97.36,3,38
2024-05-09,Europe,2,14.0,56,0.12,71.17,1,53
2024-05-10,Asia,5,29.0,91,0.15,102.18,2,24
2024-05-10,Europe,8,14.3,35,0.12,79.67,3,37
2024-05-11,Asia,7,14.0,115,0.15,89.12,3,44
2024-05-11,Europe,8,21.1,13,0.12,84.07,4,53
2024-05-12,Asia,7,9.2,105,0.15,75.21,2,23
2024-05-12,Europe,8,11.9,33,0.12,86.26,6,52
2024-05-13,Asia,2,15.8,21,0.15,82.05,3,52
2024-05-13,Europe,8,13.1,92,0.12,83.42,3,42
2024-05-14,Asia,6,7.7,111,0.15,78.61,1,15
2024-05-14,Europe,9,19.6,87,0.12,82.48,2,26
2024-05-15,Asia,2,9.1,88,0.15,91.34,7,21
2024-05-15,Europe,5,2.5,111,0.12,77.22,6,54
2024-05-16,Asia,6,27.5,56,0.15,91.71,2,51
2024-05-16,Europe,5,7.6,105,0.12,89.38,7,13
2024-05-17,Asia,9,13.8,49,0.15,107.01,5,55
2024-05-17,Europe,9,23.9,83,0.12,81.65,3,11
2024-05-18,Asia,7,10.9,91,0.15,68.94,4,26
2024-05-18,Europe,5,3.3,87,0.12,88.43,6,51
2024-05-19,Asia,3,-2.1,68,0.15,103.75,2,40
2024-05-19,Europe,3,8.2,89,0.12,94.41,4,36
2024-05-20,Asia,4,0.4,23,0.15,71.89,4,16
2024-05-20,Europe,7,10.8,42,0.12,92.86,3,11
2024-05-21,Asia,7,5.1,109,0.15,94.41,2,44
2024-05-21,Europe,9,20.6,6,0.12,88.53,4,26
2024-05-22,Asia,5,17.5,115,0.15,77.82,7,32
2024-05-22,Europe,8,10.0,84,0.12,98.13,6,19
2024-05-23,Asia,2,2.9,85,0.15,77.0,6,39
2024-05-23,Europe,7,3.7,104,0.12,82.22,6,33
2024-05-24,Asia,5,10.8,2,0.15,89.23,7,22
2024-05-24,Europe,6,13.4,78,0.12,102.14,7,27
2024-05-25,Asia,7,9.0,34,0.15,89.44,4,50
2024-05-25,Europe,7,21.9,118,0.12,91.42,7,46
2024-05-26,Asia,1,2.7,53,0.15,101.56,7,19
2024-05-26,Europe,5,14.4,20,0.12,88.95,5,49
2024-05-27,Asia,4,5.3,80,0.15,91.61,1,53
2024-05-27,Europe,6,14.5,13,0.12,86.29,6,53
2024-05-28,Asia,2,7.3,105,0.15,99.47,2,57
2024-05-28,Europe,2,15.6,100,0.12,98.29,4,15
2024-05-29,Asia,8,17.2,47,0.15,90.96,1,15
2024-05-29,Europe,9,17.8,13,0.12,99.32,3,58
2024-05-30,Asia,8,6.7,3,0.15,96.73,7,25
2024-05-30,Europe,6,15.1,113,0.12,92.92,6,33
2024-05-31,Asia,4,16.3,109,0.15,79.03,1,41
2024-05-31,Europe,6,15.3,13,0.12,112.04,3,33
2024-06-01,Asia,7,22.2,87,0.15,106.88,6,33
2024-06-01,Europe,8,5.4,117,0.12,88.94,2,33
2024-06-02,Asia,1,8.1,0,0.15,98.82,1,10
2024-06-02,Europe,5,-3.4,80,0.12,96.14,6,54
2024-06-03,Asia,6,0.3,92,0.15,96.74,7,56
2024-06-03,Europe,9,14.0,22,0.12,75.43,5,38
2024-06-04,Asia,4,8.8,67,0.15,86.01,7,29
2024-06-04,Europe,9,0.8,44,0.12,99.48,6,45
2024-06-05,Asia,1,22.8,66,0.15,71.12,1,27
2024-06-05,Europe,2,19.0,82,0.12,78.99,4,51
2024-06-06,Asia,1,19.3,70,0.15,80.44,3,30
2024-06-06,Europe,3,6.0,35,0.12,73.55,1,38
2024-06-07,Asia,3,9.3,45,0.15,77.2,7,19
2024-06-07,Europe,7,19.9,51,0.12,81.64,5,21
2024-06-08,Asia,7,9.6,70,0.15,85.76,3,36
2024-06-08,Europe,7,28.1,24,0.12,79.21,4,45
2024-06-09,Asia,9,9.3,51,0.15,86.74,5,16
2024-06-09,Europe,9,17.1,97,0.12,71.53,6,30
2024-06-10,Asia,8,18.7,51,0.15,96.22,6,38
2024-06-10,Europe,5,15.7,116,0.12,88.48,5,56
2024-06-11,Asia,4,-2.8,35,0.15,97.67,2,53
2024-06-11,Europe,4,14.8,67,0.12,79.98,3,38
2024-06-12,Asia,2,9.1,109,0.15,88.44,2,52
2024-06-12,Europe,5,2.6,47,0.12,77.02,1,58
2024-06-13,Asia,4,24.0,42,0.15,76.08,5,42
2024-06-13,Europe,3,17.8,10,0.12,101.6,1,44
2024-06-14,Asia,9,13.0,38,0.15,90.54,6,43
2024-06-14,Europe,3,0.1,64,0.12,94.53,1,58
2024-06-15,Asia,2,12.1,79,0.15,105.48,5,58
2024-06-15,Europe,3,18.1,100,0.12,81.91,7,59
2024-06-16,Asia,6,19.9,52,0.15,94.95,7,46
2024-06-16,Europe,7,14.3,104,0.12,80.66,1,43
2024-06-17,Asia,7,6.7,93,0.15,78.77,1,29
2024-06-17,Europe,6,8.3,18,0.12,92.87,6,43
2024-06-18,Asia,4,9.8,44,0.15,82.04,7,27
2024-06-18,Europe,6,11.0,39,0.12,89.05,1,33
2024-06-19,Asia,7,21.5,61,0.15,95.08,5,28
2024-06-19,Europe,3,16.2,36,0.12,105.88,6,23
2024-06-20,Asia,6,0.4,22,0.15,82.96,7,59
2024-06-20,Europe,2,19.0,100,0.12,76.04,7,20
2024-06-21,Asia,8,23.4,76,0.15,97.95,6,22
2024-06-21,Europe,5,13.1,11,0.12,91.7,7,37
2024-06-22,Asia,6,10.1,29,0.15,98.05,6,35
2024-06-22,Europe,5,18.9,35,0.12,78.66,2,50
2024-06-23,Asia,7,14.7,55,0.15,92.62,3,26
2024-06-23,Europe,5,9.4,59,0.12,96.97,3,35
2024-06-24,Asia,2,26.0,90,0.15,91.58,2,53
2024-06-24,Europe,2,26.3,25,0.12,86.66,2,34
2024-06-25,Asia,2,4.9,119,0.15,90.7,4,42
2024-06-25,Europe,6,3.3,101,0.12,81.05,3,21
2024-06-26,Asia,2,13.7,7,0.15,100.03,3,32
2024-06-26,Europe,7,-3.9,80,0.12,86.73,1,31
2024-06-27,Asia,4,14.1,48,0.15,92.53,5,32
2024-06-27,Europe,1,0.6,3,0.12,95.46,7,14
2024-06-28,Asia,3,2.2,66,0.15,94.21,7,13
2024-06-28,Europe,8,2.9,104,0.12,90.87,3,12
2024-06-29,Asia,5,-2.6,114,0.15,93.31,4,23
2024-06-29,Europe,2,7.5,15,0.12,100.25,1,12
2024-06-30,Asia,7,15.6,58,0.15,101.85,7,47
2024-06-30,Europe,1,27.1,1,0.12,85.12,4,21
2024-07-01,Asia,8,17.6,83,0.15,80.21,3,44
2024-07-01,Europe,7,5.3,34,0.12,63.85,6,32
2024-07-02,Asia,8,12.0,30,0.15,110.22,2,16
2024-07-02,Europe,8,15.6,33,0.12,85.51,5,41
2024-07-03,Asia,3,16.6,41,0.15,83.86,3,35
2024-07-03,Europe,3,22.8,75,0.12,91.25,4,49
2024-07-04,Asia,2,26.9,107,0.15,94.14,2,58
2024-07-04,Europe,6,13.7,17,0.12,70.4,1,48
2024-07-05,Asia,7,11.4,82,0.15,75.98,6,48
2024-07-05,Europe,9,2.4,66,0.12,113.0,2,27
2024-07-06,Asia,1,12.7,40,0.15,92.08,1,54
2024-07-06,Europe,6,16.0,81,0.12,86.62,4,37
2024-07-07,Asia,4,7.6,89,0.15,100.38,1,33
2024-07-07,Europe,6,19.1,34,0.12,91.58,4,30
2024-07-08,Asia,9,11.8,70,0.15,104.87,1,26
2024-07-08,Europe,8,12.3,110,0.12,99.22,2,45
2024-07-09,Asia,9,9.7,22,0.15,86.34,4,32
2024-07-09,Europe,5,12.8,107,0.12,112.0,7,16
2024-07-10,Asia,2,16.2,48,0.15,95.3,5,27
2024-07-10,Europe,7,0.4,45,0.12,93.49,1,23
2024-07-11,Asia,4,4.5,109,0.15,71.61,6,12
2024-07-11,Europe,2,4.2,75,0.12,89.47,2,26
2024-07-12,Asia,5,14.9,94,0.15,95.84,3,26
2024-07-12,Europe,8,12.1,26,0.12,73.3,2,49
2024-07-13,Asia,9,5.6,79,0.15,97.07,3,41
2024-07-13,Europe,8,5.8,11,0.12,88.06,5,46
2024-07-14,Asia,4,23.1,108,0.15,83.27,6,38
2024-07-14,Europe,1,10.4,111,0.12,89.66,2,19
2024-07-15,Asia,5,17.5,40,0.15,80.05,5,29
2024-07-15,Europe,9,22.3,71,0.12,92.08,5,50
2024-07-16,Asia,4,8.0,92,0.15,76.44,5,32
2024-07-16,Europe,1,14.6,4,0.12,69.7,1,40
2024-07-17,Asia,6,8.1,22,0.15,91.7,3,25
2024-07-17,Europe,3,19.1,8,0.12,95.26,3,33
2024-07-18,Asia,1,10.5,49,0.15,68.13,4,16
2024-07-18,Europe,6,28.4,65,0.12,93.01,5,10
2024-07-19,Asia,7,13.6,63,0.15,83.22,7,17
2024-07-19,Europe,2,16.8,0,0.12,95.26,5,59
2024-07-20,Asia,5,19.3,47,0.15,88.68,7,59
2024-07-20,Europe,2,1.3,93,0.12,103.83,3,38
2024-07-21,Asia,3,6.4,73,0.15,91.5,4,23
2024-07-21,Europe,7,1.0,59,0.12,87.72,6,11
2024-07-22,Asia,2,15.8,93,0.15,89.86,5,12
2024-07-22,Europe,3,7.9,103,0.12,91.61,7,32
2024-07-23,Asia,2,20.5,58,0.15,106.55,3,31
2024-07-23,Europe,2,0.9,55,0.12,86.21,2,44
2024-07-24,Asia,7,8.2,85,0.15,88.93,2,48
2024-07-24,Europe,7,22.4,90,0.12,83.61,4,16
2024-07-25,Asia,7,18.6,94,0.15,86.07,4,27
2024-07-25,Europe,4,10.6,46,0.12,99.35,2,32
2024-07-26,Asia,3,22.0,77,0.15,88.63,1,37
2024-07-26,Europe,9,15.4,14,0.12,83.25,7,34
2024-07-27,Asia,3,7.9,40,0.15,104.94,4,28
2024-07-27,Europe,3,12.8,23,0.12,87.11,4,47
2024-07-28,Asia,2,23.5,107,0.15,85.99,4,23
2024-07-28,Europe,1,7.8,25,0.12,94.65,2,47
2024-07-29,Asia,1,20.1,117,0.15,64.79,7,36
2024-07-29,Europe,1,14.2,58,0.12,75.12,3,44
2024-07-30,Asia,2,15.0,70,0.15,97.63,2,11
2024-07-30,Europe,5,18.7,46,0.12,95.55,1,44
2024-07-31,Asia,9,14.9,19,0.15,88.95,4,30
2024-07-31,Europe,6,5.4,105,0.12,87.67,1,12
2024-08-01,Asia,2,10.2,7,0.15,72.79,3,20
2024-08-01,Europe,9,1.8,118,0.12,94.43,6,36
2024-08-02,Asia,5,11.0,2,0.15,105.9,1,59
2024-08-02,Europe,7,20.2,51,0.12,91.13,3,11
2024-08-03,Asia,7,26.9,52,0.15,88.47,4,28
2024-08-03,Europe,4,-0.5,10,0.12,82.79,5,11
2024-08-04,Asia,6,19.0,36,0.15,88.03,6,18
2024-08-04,Europe,4,14.8,51,0.12,75.59,2,31
2024-08-05,Asia,8,7.5,54,0.15,93.84,4,11
2024-08-05,Europe,2,1.7,117,0.12,85.15,5,20
2024-08-06,Asia,8,30.8,114,0.15,92.8,1,40
2024-08-06,Europe,5,8.3,45,0.12,89.04,5,21
2024-08-07,Asia,3,11.5,101,0.15,91.22,3,39
2024-08-07,Europe,9,18.8,28,0.12,96.17,2,37
2024-08-08,Asia,8,4.7,107,0.15,97.81,3,53
2024-08-08,Europe,7,5.6,21,0.12,83.78,3,21
2024-08-09,Asia,3,18.9,53,0.15,83.99,2,49
2024-08-09,Europe,4,12.0,111,0.12,85.89,3,32
2024-08-10,Asia,7,-4.7,49,0.15,101.21,2,12
2024-08-10,Europe,7,14.0,116,0.12,95.49,7,17
2024-08-11,Asia,3,19.1,77,0.15,95.65,3,53
2024-08-11,Europe,5,3.2,28,0.12,80.12,7,42
2024-08-12,Asia,8,10.1,99,0.15,96.64,2,45
2024-08-12,Europe,9,14.6,95,0.12,102.27,4,48
2024-08-13,Asia,2,10.9,99,0.15,64.13,6,26
2024-08-13,Europe,8,-0.4,5,0.12,95.19,2,36
2024-08-14,Asia,7,19.5,73,0.15,88.57,5,15
2024-08-14,Europe,7,7.3,2,0.12,99.4,2,43
2024-08-15,Asia,2,13.1,48,0.15,104.1,4,57
2024-08-15,Europe,9,11.8,94,0.12,98.96,7,27
2024-08-16,Asia,8,13.0,15,0.15,99.87,6,43
2024-08-16,Europe,7,10.0,78,0.12,75.76,1,55
2024-08-17,Asia,1,11.1,26,0.15,105.13,7,44
2024-08-17,Europe,8,17.6,56,0.12,102.01,6,34
2024-08-18,Asia,3,1.1,5,0.15,99.13,1,10
2024-08-18,Europe,8,15.0,54,0.12,83.51,2,30
2024-08-19,Asia,3,-1.3,55,0.15,82.4,6,27
2024-08-19,Europe,8,13.2,41,0.12,90.61,5,43
2024-08-20,Asia,6,8.1,66,0.15,98.86,1,58
2024-08-20,Europe,6,18.8,32,0.12,86.12,7,28
2024-08-21,Asia,9,19.5,38,0.15,93.21,1,10
2024-08-21,Europe,5,14.3,34,0.12,100.69,6,38
2024-08-22,Asia,1,21.5,3,0.15,99.51,1,54
2024-08-22,Europe,5,16.1,45,0.12,85.3,6,36
2024-08-23,Asia,9,16.4,65,0.15,93.08,2,59
2024-08-23,Europe,9,3.5,116,0.12,84.82,1,56
2024-08-24,Asia,5,4.8,28,0.15,86.18,5,14
2024-08-24,Europe,1,17.7,43,0.12,97.16,7,12
2024-08-25,Asia,1,9.9,77,0.15,87.16,1,51
2024-08-25,Europe,4,3.2,52,0.12,95.54,3,28
2024-08-26,Asia,4,14.4,80,0.15,87.63,2,23
2024-08-26,Europe,3,26.4,13,0.12,77.72,4,20
2024-08-27,Asia,8,12.4,54,0.15,79.05,5,15
2024-08-27,Europe,9,15.1,7,0.12,100.38,5,50
2024-08-28,Asia,1,12.5,39,0.15,83.78,7,41
2024-08-28,Europe,2,20.4,58,0.12,92.01,4,26
2024-08-29,Asia,7,4.4,68,0.15,85.43,2,15
2024-08-29,Europe,3,10.1,24,0.12,97.56,2,23
2024-08-30,Asia,1,8.8,24,0.15,86.63,3,57
2024-08-30,Europe,3,19.4,37,0.12,65.35,7,53
2024-08-31,Asia,8,21.5,14,0.15,84.72,1,57
2024-08-31,Europe,9,15.6,97,0.12,85.82,3,22
2024-09-01,Asia,5,4.7,57,0.15,100.38,7,21
2024-09-01,Europe,2,17.8,37,0.12,104.94,6,44
2024-09-02,Asia,4,4.8,43,0.15,91.92,4,32
2024-09-02,Europe,7,14.3,46,0.12,115.68,6,38
2024-09-03,Asia,2,9.2,85,0.15,88.05,5,23
2024-09-03,Europe,9,8.1,7,0.12,102.54,5,30
2024-09-04,Asia,4,17.8,88,0.15,101.37,4,19
2024-09-04,Europe,8,14.2,47,0.12,87.94,7,21
2024-09-05,Asia,4,7.4,19,0.15,91.57,7,22
2024-09-05,Europe,3,19.4,77,0.12,85.89,3,41
2024-09-06,Asia,8,1.8,88,0.15,85.18,1,23
2024-09-06,Europe,6,15.1,104,0.12,74.67,4,48
2024-09-07,Asia,7,13.7,14,0.15,83.81,2,57
2024-09-07,Europe,2,20.1,115,0.12,86.88,7,14
2024-09-08,Asia,8,8.9,62,0.15,72.34,5,13
2024-09-08,Europe,3,19.0,96,0.12,83.8,6,33
2024-09-09,Asia,2,6.1,111,0.15,90.01,5,47
2024-09-09,Europe,6,22.6,29,0.12,102.09,2,15
2024-09-10,Asia,5,10.5,118,0.15,99.49,4,47
2024-09-10,Europe,5,8.3,57,0.12,100.94,2,21
2024-09-11,Asia,2,5.2,34,0.15,108.73,7,19
2024-09-11,Europe,8,12.1,78,0.12,105.08,2,27
2024-09-12,Asia,6,4.3,65,0.15,97.53,5,54
2024-09-12,Europe,9,17.1,1,0.12,88.56,2,10
2024-09-13,Asia,2,21.1,4,0.15,76.47,5,44
2024-09-13,Europe,8,24.9,111,0.12,72.54,2,53
2024-09-14,Asia,5,1.3,35,0.15,82.97,1,14
2024-09-14,Europe,9,15.8,21,0.12,87.68,3,47
2024-09-15,Asia,6,13.4,9,0.15,91.39,5,28
2024-09-15,Europe,2,21.4,0,0.12,77.42,5,41
2024-09-16,Asia,5,23.5,42,0.15,96.98,6,48
2024-09-16,Europe,7,2.4,91,0.12,71.87,5,36
2024-09-17,Asia,6,11.3,30,0.15,82.42,2,22
2024-09-17,Europe,7,13.4,30,0.12,73.24,7,25
2024-09-18,Asia,3,22.5,28,0.15,82.24,5,30
2024-09-18,Europe,2,15.1,11,0.12,89.54,1,10
2024-09-19,Asia,8,22.9,30,0.15,86.3,2,11
2024-09-19,Europe,9,8.8,67,0.12,91.96,4,21
2024-09-20,Asia,1,14.6,103,0.15,94.03,7,24
2024-09-20,Europe,3,13.7,103,0.12,100.95,7,50
2024-09-21,Asia,2,1.1,71,0.15,101.01,2,16
2024-09-21,Europe,6,6.2,64,0.12,100.0,1,57
2024-09-22,Asia,8,6.4,110,0.15,71.17,4,40
2024-09-22,Europe,2,17.4,108,0.12,100.93,7,43
2024-09-23,Asia,8,7.9,16,0.15,87.42,4,48
2024-09-23,Europe,7,3.0,27,0.12,87.75,5,38
2024-09-24,Asia,4,12.8,107,0.15,108.12,6,32
2024-09-24,Europe,7,13.3,23,0.12,94.36,1,16
2024-09-25,Asia,3,-10.4,78,0.15,88.18,3,12
2024-09-25,Europe,2,14.5,68,0.12,90.13,7,45
2024-09-26,Asia,1,11.3,40,0.15,77.4,1,29
2024-09-26,Europe,7,9.2,90,0.12,103.31,6,12
2024-09-27,Asia,5,23.6,10,0.15,79.42,3,18
2024-09-27,Europe,8,26.3,48,0.12,99.8,2,54
2024-09-28,Asia,2,11.6,83,0.15,100.18,7,16
2024-09-28,Europe,9,-2.3,76,0.12,88.61,7,52
2024-09-29,Asia,8,-2.6,62,0.15,91.61,6,19
2024-09-29,Europe,1,7.7,115,0.12,103.93,3,54
2024-09-30,Asia,1,11.3,112,0.15,77.55,7,46
2024-09-30,Europe,4,25.1,80,0.12,98.74,6,16
2024-10-01,Asia,6,26.0,73,0.15,87.48,6,51
2024-10-01,Europe,7,8.7,13,0.12,94.96,1,42
2024-10-02,Asia,3,2.1,11,0.15,100.66,5,15
2024-10-02,Europe,4,14.8,101,0.12,76.02,7,19
2024-10-03,Asia,2,9.9,44,0.15,103.56,1,45
2024-10-03,Europe,3,18.6,11,0.12,86.82,7,36
2024-10-04,Asia,4,8.8,119,0.15,74.28,2,27
2024-10-04,Europe,6,16.9,33,0.12,79.13,3,33
2024-10-05,Asia,5,-1.3,81,0.15,93.08,6,24
2024-10-05,Europe,5,12.3,77,0.12,108.01,3,17
2024-10-06,Asia,7,18.1,3,0.15,91.17,5,26
2024-10-06,Europe,1,20.7,115,0.12,103.91,6,50
2024-10-07,Asia,9,13.5,112,0.15,85.65,4,51
2024-10-07,Europe,2,6.8,81,0.12,79.78,2,42
2024-10-08,Asia,9,20.4,36,0.15,94.1,4,49
2024-10-08,Europe,8,24.5,56,0.12,93.17,1,32
2024-10-09,Asia,5,16.0,62,0.15,93.53,2,32
2024-10-09,Europe,7,14.2,101,0.12,81.99,3,55
2024-10-10,Asia,3,12.5,52,0.15,76.85,7,35
2024-10-10,Europe,7,8.1,115,0.12,78.81,5,12
2024-10-11,Asia,4,9.9,51,0.15,89.44,5,42
2024-10-11,Europe,7,15.0,89,0.12,90.28,5,37
2024-10-12,Asia,8,25.6,81,0.15,95.32,1,13
2024-10-12,Europe,6,3.7,35,0.12,105.39,2,34
2024-10-13,Asia,9,19.8,66,0.15,93.35,1,22
2024-10-13,Europe,8,9.0,55,0.12,89.19,3,23
2024-10-14,Asia,2,5.4,113,0.15,96.67,2,22
2024-10-14,Europe,4,11.8,5,0.12,104.55,5,42
2024-10-15,Asia,6,16.7,90,0.15,71.77,4,59
2024-10-15,Europe,9,4.9,34,0.12,85.98,2,24
2024-10-16,Asia,1,11.6,89,0.15,112.27,1,49
2024-10-16,Europe,6,17.6,93,0.12,83.02,4,19
2024-10-17,Asia,6,4.0,39,0.15,84.24,5,22
2024-10-17,Europe,4,11.5,27,0.12,79.46,1,12
2024-10-18,Asia,6,12.6,17,0.15,111.81,4,55
2024-10-18,Europe,5,18.3,80,0.12,93.99,4,35
2024-10-19,Asia,1,24.6,81,0.15,65.2,1,53
2024-10-19,Europe,4,16.8,0,0.12,113.0,3,39
2024-10-20,Asia,7,4.2,68,0.15,102.55,7,15
2024-10-20,Europe,9,28.1,33,0.12,85.05,1,53
2024-10-21,Asia,9,8.2,19,0.15,103.24,2,26
2024-10-21,Europe,1,-0.3,98,0.12,95.36,6,43
2024-10-22,Asia,4,9.0,96,0.15,88.6,6,32
2024-10-22,Europe,2,17.5,70,0.12,76.13,1,38
2024-10-23,Asia,3,3.5,106,0.15,81.58,6,47
2024-10-23,Europe,1,-7.2,45,0.12,82.81,3,59
2024-10-24,Asia,8,22.3,0,0.15,91.43,7,36
2024-10-24,Europe,4,2.8,65,0.12,77.71,2,36
2024-10-25,Asia,1,12.2,45,0.15,85.91,4,30
2024-10-25,Europe,1,19.1,39,0.12,79.72,7,35
2024-10-26,Asia,8,12.9,61,0.15,93.51,7,11
2024-10-26,Europe,1,12.4,113,0.12,110.57,5,55
2024-10-27,Asia,3,2.4,20,0.15,93.91,7,55
2024-10-27,Europe,9,18.4,21,0.12,94.09,3,25
2024-10-28,Asia,7,-4.5,80,0.15,87.94,6,34
2024-10-28,Europe,6,18.1,20,0.12,80.1,1,30
2024-10-29,Asia,5,13.0,72,0.15,81.88,5,41
2024-10-29,Europe,5,13.9,55,0.12,73.98,6,46
2024-10-30,Asia,6,-0.6,27,0.15,92.98,4,28
2024-10-30,Europe,8,4.0,57,0.12,101.95,7,49
2024-10-31,Asia,6,5.8,20,0.15,93.57,3,13
2024-10-31,Europe,6,7.1,113,0.12,99.36,3,53
2024-11-01,Asia,8,9.3,3,0.15,99.95,2,15
2024-11-01,Europe,6,9.3,28,0.12,78.39,6,54
2024-11-02,Asia,5,4.5,25,0.15,102.88,7,13
2024-11-02,Europe,2,15.1,98,0.12,88.02,3,44
2024-11-03,Asia,3,18.4,84,0.15,98.61,4,47
2024-11-03,Europe,8,14.3,49,0.12,91.19,6,56
2024-11-04,Asia,7,10.1,26,0.15,112.16,7,35
2024-11-04,Europe,9,23.1,108,0.12,70.17,4,56
2024-11-05,Asia,1,11.8,73,0.15,98.17,5,54
2024-11-05,Europe,1,6.8,86,0.12,80.02,5,14
2024-11-06,Asia,9,16.6,41,0.15,91.72,1,46
2024-11-06,Europe,4,16.8,68,0.12,86.64,5,58
2024-11-07,Asia,5,12.7,7,0.15,85.39,4,15
2024-11-07,Europe,5,14.4,4,0.12,79.82,6,35
2024-11-08,Asia,7,5.1,79,0.15,86.35,5,21
2024-11-08,Europe,9,12.6,53,0.12,83.05,7,32
2024-11-09,Asia,7,18.7,21,0.15,84.32,7,40
2024-11-09,Europe,2,-2.6,20,0.12,86.13,7,26
2024-11-10,Asia,6,12.7,114,0.15,99.99,1,51
2024-11-10,Europe,4,4.9,60,0.12,85.49,1,59
2024-11-11,Asia,7,18.2,38,0.15,81.4,4,42
2024-11-11,Europe,5,11.5,1,0.12,84.29,3,25
2024-11-12,Asia,6,-5.0,18,0.15,82.75,5,51
2024-11-12,Europe,7,18.7,100,0.12,80.38,1,27
2024-11-13,Asia,5,10.8,118,0.15,101.9,7,21
2024-11-13,Europe,9,13.3,59,0.12,87.23,7,23
2024-11-14,Asia,3,22.3,79,0.15,90.41,6,20
2024-11-14,Europe,3,13.5,10,0.12,95.9,4,29
2024-11-15,Asia,9,13.2,112,0.15,81.66,3,33
2024-11-15,Europe,8,16.3,30,0.12,83.49,2,48
2024-11-16,Asia,1,11.1,3,0.15,97.12,6,19
2024-11-16,Europe,9,7.0,117,0.12,97.07,2,41
2024-11-17,Asia,7,23.0,117,0.15,104.38,1,25
2024-11-17,Europe,6,28.0,32,0.12,96.59,6,19
2024-11-18,Asia,4,12.3,90,0.15,85.89,4,23
2024-11-18,Europe,6,19.2,31,0.12,80.57,6,14
2024-11-19,Asia,6,0.9,2,0.15,77.26,6,40
2024-11-19,Europe,6,20.3,88,0.12,86.78,7,52
2024-11-20,Asia,6,18.4,41,0.15,90.1,4,39
2024-11-20,Europe,1,22.7,84,0.12,95.27,2,52
2024-11-21,Asia,3,14.5,114,0.15,84.16,5,18
2024-11-21,Europe,9,20.1,43,0.12,95.74,4,47
2024-11-22,Asia,4,25.8,39,0.15,82.57,5,52
2024-11-22,Europe,3,9.0,24,0.12,82.63,4,50
2024-11-23,Asia,7,8.4,112,0.15,96.34,7,49
2024-11-23,Europe,2,16.3,0,0.12,106.46,4,55
2024-11-24,Asia,3,4.7,83,0.15,103.52,2,47
2024-11-24,Europe,6,5.8,94,0.12,78.77,2,26
2024-11-25,Asia,5,18.2,114,0.15,103.89,4,55
2024-11-25,Europe,3,14.2,46,0.12,76.62,5,58
2024-11-26,Asia,8,18.9,37,0.15,93.16,3,35
2024-11-26,Europe,7,13.7,92,0.12,74.19,1,19
2024-11-27,Asia,4,7.0,78,0.15,91.87,4,50
2024-11-27,Europe,3,6.9,10,0.12,95.99,6,56
2024-11-28,Asia,7,-4.8,0,0.15,86.15,3,32
2024-11-28,Europe,2,9.1,61,0.12,92.11,3,15
2024-11-29,Asia,5,-1.8,22,0.15,85.13,5,40
2024-11-29,Europe,6,21.8,41,0.12,90.05,2,22
2024-11-30,Asia,7,12.7,76,0.15,82.38,7,21
2024-11-30,Europe,8,21.3,11,0.12,97.65,4,22
2024-12-01,Asia,8,19.6,28,0.15,93.24,5,57
2024-12-01,Europe,4,13.3,114,0.12,86.24,4,32
2024-12-02,Asia,4,14.3,83,0.15,88.42,5,55
2024-12-02,Europe,2,11.7,87,0.12,86.19,3,42
2024-12-03,Asia,6,23.2,48,0.15,89.31,5,56
2024-12-03,Europe,3,20.1,88,0.12,81.64,4,24
2024-12-04,Asia,1,19.4,42,0.15,79.6,3,41
2024-12-04,Europe,7,3.3,20,0.12,86.37,2,40
2024-12-05,Asia,7,0.4,68,0.15,81.89,5,14
2024-12-05,Europe,9,14.3,76,0.12,91.09,7,11
2024-12-06,Asia,6,24.2,96,0.15,89.14,3,41
2024-12-06,Europe,8,26.5,19,0.12,95.78,1,30
2024-12-07,Asia,7,32.6,85,0.15,75.32,2,28
2024-12-07,Europe,6,3.3,9,0.12,77.84,3,10
2024-12-08,Asia,2,9.5,101,0.15,80.18,6,58
2024-12-08,Europe,7,7.2,9,0.12,102.2,3,25
2024-12-09,Asia,6,7.2,8,0.15,88.18,5,16
2024-12-09,Europe,6,2.0,66,0.12,77.71,4,23
2024-12-10,Asia,9,19.6,56,0.15,72.45,7,16
2024-12-10,Europe,4,18.0,101,0.12,76.36,2,20
2024-12-11,Asia,2,9.4,118,0.15,99.44,6,21
2024-12-11,Europe,9,15.3,58,0.12,92.24,5,31
2024-12-12,Asia,1,12.8,80,0.15,98.62,5,13
2024-12-12,Europe,6,9.8,93,0.12,101.0,7,41
2024-12-13,Asia,8,13.2,80,0.15,95.65,5,24
2024-12-13,Europe,9,17.2,15,0.12,105.99,7,45
2024-12-14,Asia,8,-1.5,7,0.15,87.61,3,44
2024-12-14,Europe,2,14.1,29,0.12,95.92,7,38
2024-12-15,Asia,4,5.9,27,0.15,83.35,7,51
2024-12-15,Europe,1,23.0,101,0.12,78.34,3,18
2024-12-16,Asia,2,3.8,77,0.15,84.3,6,44
2024-12-16,Europe,8,9.6,99,0.12,78.63,7,51
2024-12-17,Asia,4,8.1,16,0.15,93.63,1,34
2024-12-17,Europe,7,-0.1,22,0.12,84.77,6,11
2024-12-18,Asia,7,11.7,61,0.15,106.68,6,38
2024-12-18,Europe,4,-2.7,65,0.12,81.62,2,12
2024-12-19,Asia,4,25.5,19,0.15,94.47,3,17
2024-12-19,Europe,3,27.4,28,0.12,93.03,6,45
2024-12-20,Asia,3,23.1,83,0.15,77.53,2,10
2024-12-20,Europe,4,5.6,17,0.12,100.27,6,54
2024-12-21,Asia,3,7.5,113,0.15,95.89,1,20
2024-12-21,Europe,6,4.6,117,0.12,92.07,4,47
2024-12-22,Asia,2,12.8,60,0.15,86.74,5,41
2024-12-22,Europe,3,13.5,39,0.12,77.3,5,32
2024-12-23,Asia,5,6.5,50,0.15,89.89,3,51
2024-12-23,Europe,3,19.7,47,0.12,88.64,4,31
2024-12-24,Asia,5,16.7,10,0.15,82.3,1,53
2024-12-24,Europe,6,12.2,53,0.12,89.17,5,12
2024-12-25,Asia,2,20.2,105,0.15,89.14,4,28
2024-12-25,Europe,8,15.0,43,0.12,81.0,2,39
2024-12-26,Asia,8,8.5,75,0.15,78.41,2,32
2024-12-26,Europe,4,15.9,78,0.12,92.56,4,52
2024-12-27,Asia,5,5.2,89,0.15,91.4,3,14
2024-12-27,Europe,9,14.4,80,0.12,92.52,3,11
2024-12-28,Asia,9,15.4,5,0.15,106.35,4,18
2024-12-28,Europe,5,11.0,58,0.12,86.69,3,25
2024-12-29,Asia,2,2.7,35,0.15,86.4,4,50
2024-12-29,Europe,5,15.6,36,0.12,72.75,4,29
2024-12-30,Asia,8,-0.6,117,0.15,89.98,7,54
2024-12-30,Europe,3,20.2,17,0.12,87.34,2,18
2024-12-31,Asia,2,14.7,83,0.15,87.42,7,27
2024-12-31,Europe,8,17.5,20,0.12,102.57,5,11
2025-01-01,Asia,6,4.8,95,0.15,101.42,5,59
2025-01-01,Europe,8,6.8,17,0.12,84.19,1,39
2025-01-02,Asia,1,11.4,38,0.15,88.28,2,24
2025-01-02,Europe,6,5.5,55,0.12,104.2,2,52
2025-01-03,Asia,5,16.6,39,0.15,93.05,5,46
2025-01-03,Europe,8,5.3,4,0.12,99.83,2,56
2025-01-04,Asia,9,34.3,60,0.15,92.1,6,51
2025-01-04,Europe,6,18.3,44,0.12,95.63,6,49
2025-01-05,Asia,8,11.3,114,0.15,91.75,4,24
2025-01-05,Europe,8,-8.2,50,0.12,69.7,3,15
2025-01-06,Asia,1,8.8,31,0.15,86.89,6,45
2025-01-06,Europe,9,16.7,16,0.12,88.19,2,53
2025-01-07,Asia,4,19.5,97,0.15,78.53,5,42
2025-01-07,Europe,7,7.7,115,0.12,68.91,6,21
2025-01-08,Asia,7,18.9,94,0.15,82.7,3,24
2025-01-08,Europe,5,8.9,103,0.12,92.02,4,51
2025-01-09,Asia,6,16.2,46,0.15,80.91,4,37
2025-01-09,Europe,9,11.7,74,0.12,92.27,6,29
2025-01-10,Asia,1,15.5,64,0.15,90.61,5,13
2025-01-10,Europe,1,13.5,39,0.12,99.23,5,46
2025-01-11,Asia,1,2.4,119,0.15,89.45,6,56
2025-01-11,Europe,5,16.6,20,0.12,93.39,3,30
2025-01-12,Asia,3,-10.4,80,0.15,102.43,4,29
2025-01-12,Europe,8,18.5,82,0.12,100.58,5,50
2025-01-13,Asia,1,1.8,24,0.15,90.0,2,30
2025-01-13,Europe,4,6.5,94,0.12,85.47,3,56
2025-01-14,Asia,8,15.0,62,0.15,94.96,7,51
2025-01-14,Europe,9,2.0,25,0.12,103.52,1,53
2025-01-15,Asia,1,22.1,35,0.15,91.13,7,31
2025-01-15,Europe,2,10.6,99,0.12,92.79,1,49
2025-01-16,Asia,5,13.8,104,0.15,98.22,1,32
2025-01-16,Europe,7,18.6,112,0.12,113.24,2,18
2025-01-17,Asia,8,5.0,99,0.15,96.77,7,30
2025-01-17,Europe,7,15.6,30,0.12,77.31,6,24
2025-01-18,Asia,2,19.7,98,0.15,87.56,4,31
2025-01-18,Europe,6,15.2,55,0.12,99.54,5,58
2025-01-19,Asia,8,11.8,109,0.15,83.21,2,55
2025-01-19,Europe,1,7.1,29,0.12,93.81,7,57
2025-01-20,Asia,7,5.6,116,0.15,93.98,2,27
2025-01-20,Europe,9,8.8,111,0.12,81.17,2,24
2025-01-21,Asia,5,8.3,40,0.15,79.18,1,41
2025-01-21,Europe,6,12.2,44,0.12,105.58,7,59
2025-01-22,Asia,4,-1.2,59,0.15,98.07,3,37
2025-01-22,Europe,7,3.0,10,0.12,86.28,4,23
2025-01-23,Asia,3,9.2,107,0.15,84.3,4,45
2025-01-23,Europe,7,8.7,95,0.12,80.94,7,59
2025-01-24,Asia,5,28.1,84,0.15,82.1,2,15
2025-01-24,Europe,3,19.0,1,0.12,86.98,3,15
2025-01-25,Asia,3,3.8,94,0.15,95.49,7,37
2025-01-25,Europe,2,16.3,23,0.12,62.69,6,44
2025-01-26,Asia,7,14.0,64,0.15,100.76,4,39
2025-01-26,Europe,4,11.8,100,0.12,90.27,6,36
2025-01-27,Asia,2,19.4,87,0.15,96.66,6,13
2025-01-27,Europe,5,14.2,114,0.12,82.83,1,29
2025-01-28,Asia,8,23.2,49,0.15,101.17,7,28
2025-01-28,Europe,7,8.7,59,0.12,97.72,1,41
2025-01-29,Asia,4,9.6,44,0.15,102.5,4,35
2025-01-29,Europe,6,17.0,22,0.12,90.16,5,29
2025-01-30,Asia,7,10.4,88,0.15,99.33,6,52
2025-01-30,Europe,6,26.1,65,0.12,101.95,6,55
2025-01-31,Asia,2,9.9,2,0.15,82.15,4,13
2025-01-31,Europe,2,7.0,82,0.12,86.52,4,11
2025-02-01,Asia,9,19.3,48,0.15,97.5,1,36
2025-02-01,Europe,1,7.8,31,0.12,110.57,3,45
2025-02-02,Asia,2,7.5,27,0.15,101.1,1,44
2025-02-02,Europe,3,7.2,96,0.12,96.55,1,21
2025-02-03,Asia,9,13.4,18,0.15,97.91,3,11
2025-02-03,Europe,7,-1.1,117,0.12,90.81,3,33
2025-02-04,Asia,8,14.2,34,0.15,82.46,5,26
2025-02-04,Europe,5,5.4,16,0.12,86.13,7,16
2025-02-05,Asia,2,15.1,45,0.15,90.0,4,22
2025-02-05,Europe,7,4.2,102,0.12,97.98,3,44
2025-02-06,Asia,2,14.6,13,0.15,98.3,3,16
2025-02-06,Europe,8,16.5,82,0.12,88.26,5,58
2025-02-07,Asia,9,6.3,22,0.15,97.32,5,15
2025-02-07,Europe,7,19.6,77,0.12,92.95,2,30
2025-02-08,Asia,9,19.8,92,0.15,97.95,7,15
2025-02-08,Europe,6,9.0,89,0.12,99.17,1,28
2025-02-09,Asia,4,20.2,41,0.15,76.85,5,49
2025-02-09,Europe,8,12.6,41,0.12,84.7,1,33
2025-02-10,Asia,7,10.5,55,0.15,85.33,2,27
2025-02-10,Europe,7,17.4,24,0.12,64.86,6,29
2025-02-11,Asia,7,17.6,29,0.15,97.71,6,46
2025-02-11,Europe,7,8.8,51,0.12,88.82,3,22
2025-02-12,Asia,7,18.8,95,0.15,85.39,6,17
2025-02-12,Europe,5,-1.7,5,0.12,90.98,6,24
2025-02-13,Asia,6,10.2,53,0.15,78.06,5,21
2025-02-13,Europe,8,9.8,19,0.12,77.77,4,47
2025-02-14,Asia,2,9.2,4,0.15,93.0,5,44
2025-02-14,Europe,7,5.8,65,0.12,68.49,3,23
2025-02-15,Asia,4,0.0,114,0.15,107.88,2,56
2025-02-15,Europe,9,13.9,117,0.12,86.89,6,46
2025-02-16,Asia,1,22.0,119,0.15,73.69,1,33
2025-02-16,Europe,8,1.1,115,0.12,90.99,7,36
2025-02-17,Asia,7,11.3,102,0.15,83.31,3,15
2025-02-17,Europe,7,10.5,57,0.12,96.93,4,12
2025-02-18,Asia,1,7.1,46,0.15,88.75,4,19
2025-02-18,Europe,2,4.7,18,0.12,91.41,6,56
2025-02-19,Asia,4,3.9,48,0.15,86.02,7,32
2025-02-19,Europe,7,7.2,96,0.12,70.83,3,44
2025-02-20,Asia,2,23.2,95,0.15,83.98,3,58
2025-02-20,Europe,3,5.3,42,0.12,100.71,2,23
2025-02-21,Asia,6,5.9,35,0.15,104.83,4,28
2025-02-21,Europe,3,29.6,23,0.12,86.89,1,37
2025-02-22,Asia,5,18.8,34,0.15,96.29,7,25
2025-02-22,Europe,9,6.3,74,0.12,86.99,2,56
2025-02-23,Asia,2,15.2,57,0.15,91.81,3,58
2025-02-23,Europe,8,23.8,54,0.12,82.88,1,23
2025-02-24,Asia,2,11.4,57,0.15,79.22,5,42
2025-02-24,Europe,9,6.9,86,0.12,79.13,6,25
2025-02-25,Asia,5,11.6,52,0.15,84.51,7,17
2025-02-25,Europe,8,11.9,117,0.12,94.07,1,19
2025-02-26,Asia,6,16.5,3,0.15,106.76,5,40
2025-02-26,Europe,6,7.0,117,0.12,93.34,2,12
2025-02-27,Asia,1,7.0,111,0.15,85.94,4,43
2025-02-27,Europe,4,5.7,24,0.12,95.45,5,38
2025-02-28,Asia,5,21.2,40,0.15,109.83,7,41
2025-02-28,Europe,3,6.2,60,0.12,82.12,3,33
2025-03-01,Asia,4,11.7,113,0.15,80.76,6,32
2025-03-01,Europe,1,15.9,1,0.12,99.85,1,27
2025-03-02,Asia,5,20.4,20,0.15,71.96,6,12
2025-03-02,Europe,9,-6.4,92,0.12,94.26,5,11
2025-03-03,Asia,6,17.4,7,0.15,97.75,3,19
2025-03-03,Europe,1,9.0,18,0.12,81.39,2,32
2025-03-04,Asia,1,16.8,9,0.15,90.41,3,16
2025-03-04,Europe,1,21.0,96,0.12,86.49,1,26
2025-03-05,Asia,3,-3.9,55,0.15,101.14,4,58
2025-03-05,Europe,3,7.1,37,0.12,92.1,4,25
2025-03-06,Asia,9,11.6,82,0.15,82.88,2,26
2025-03-06,Europe,2,11.1,58,0.12,85.21,3,16
2025-03-07,Asia,5,1.1,73,0.15,93.3,5,35
2025-03-07,Europe,7,12.3,55,0.12,97.81,3,13
2025-03-08,Asia,8,-1.1,54,0.15,82.87,3,27
2025-03-08,Europe,5,2.6,78,0.12,95.79,5,31
2025-03-09,Asia,7,14.0,34,0.15,76.06,5,35
2025-03-09,Europe,3,7.6,35,0.12,98.64,7,39
2025-03-10,Asia,5,10.7,68,0.15,99.72,2,41
2025-03-10,Europe,2,6.1,35,0.12,91.55,2,26
2025-03-11,Asia,5,18.6,103,0.15,92.84,4,59
2025-03-11,Europe,6,10.5,53,0.12,80.64,7,36
2025-03-12,Asia,9,27.1,26,0.15,97.25,1,49
2025-03-12,Europe,9,10.5,50,0.12,90.76,7,44
2025-03-13,Asia,6,26.1,48,0.15,71.26,4,16
2025-03-13,Europe,1,20.7,44,0.12,104.47,7,18
2025-03-14,Asia,7,1.9,48,0.15,98.05,5,28
2025-03-14,Europe,6,17.8,67,0.12,60.83,5,47
2025-03-15,Asia,6,15.1,115,0.15,91.6,7,30
2025-03-15,Europe,6,-1.7,94,0.12,87.07,2,37
2025-03-16,Asia,6,14.9,67,0.15,101.51,5,17
2025-03-16,Europe,7,19.1,60,0.12,68.87,3,53
2025-03-17,Asia,1,10.4,16,0.15,59.19,1,39
2025-03-17,Europe,9,18.9,91,0.12,83.79,6,33
2025-03-18,Asia,8,18.1,85,0.15,91.1,1,53
2025-03-18,Europe,6,10.9,102,0.12,91.4,4,19
2025-03-19,Asia,2,-2.1,2,0.15,72.46,5,46
2025-03-19,Europe,9,9.4,37,0.12,97.4,3,37
2025-03-20,Asia,4,22.6,60,0.15,91.13,1,10
2025-03-20,Europe,3,1.4,16,0.12,96.4,4,34
2025-03-21,Asia,4,4.9,31,0.15,93.54,6,40
2025-03-21,Europe,7,12.7,79,0.12,96.79,1,49
2025-03-22,Asia,1,19.9,25,0.15,82.75,4,48
2025-03-22,Europe,5,16.7,22,0.12,74.52,5,50
2025-03-23,Asia,9,16.2,115,0.15,76.83,4,56
2025-03-23,Europe,2,19.4,99,0.12,97.46,2,52
2025-03-24,Asia,9,20.5,51,0.15,74.27,3,47
2025-03-24,Europe,3,22.1,64,0.12,93.46,1,56
2025-03-25,Asia,2,22.9,71,0.15,88.95,4,31
2025-03-25,Europe,9,9.2,113,0.12,78.66,1,20
2025-03-26,Asia,9,3.7,80,0.15,86.93,3,53
2025-03-26,Europe,3,22.2,119,0.12,84.52,2,57
2025-03-27,Asia,7,27.5,24,0.15,83.9,1,55
2025-03-27,Europe,3,12.2,73,0.12,96.73,7,54
2025-03-28,Asia,6,18.3,92,0.15,103.06,3,51
2025-03-28,Europe,3,12.4,34,0.12,88.44,4,17
2025-03-29,Asia,9,9.7,101,0.15,71.18,6,14
2025-03-29,Europe,7,18.1,5,0.12,88.34,1,18
2025-03-30,Asia,4,23.7,100,0.15,94.06,6,11
2025-03-30,Europe,9,21.3,32,0.12,65.48,1,14
2025-03-31,Asia,9,5.4,89,0.15,115.62,1,52
2025-03-31,Europe,9,23.4,43,0.12,81.88,2,34
2025-04-01,Asia,9,9.5,45,0.15,82.72,4,17
2025-04-01,Europe,6,4.9,83,0.12,104.79,3,48
2025-04-02,Asia,9,21.3,112,0.15,87.81,5,10
2025-04-02,Europe,6,18.6,63,0.12,89.11,4,39
2025-04-03,Asia,9,-3.0,112,0.15,76.0,6,29
2025-04-03,Europe,7,16.1,38,0.12,104.2,5,44
2025-04-04,Asia,1,9.8,0,0.15,96.35,7,46
2025-04-04,Europe,4,14.5,49,0.12,103.6,4,50
2025-04-05,Asia,5,9.6,56,0.15,80.63,4,16
2025-04-05,Europe,2,4.3,101,0.12,86.43,1,44
2025-04-06,Asia,3,4.5,86,0.15,81.89,4,52
2025-04-06,Europe,8,4.6,0,0.12,86.16,2,20
2025-04-07,Asia,6,16.1,38,0.15,89.73,4,12
2025-04-07,Europe,7,6.7,61,0.12,83.33,3,43
2025-04-08,Asia,1,12.6,102,0.15,82.94,7,47
2025-04-08,Europe,6,12.7,7,0.12,86.65,5,26
2025-04-09,Asia,7,23.5,70,0.15,71.92,7,47
2025-04-09,Europe,6,11.0,15,0.12,85.84,7,24
2025-04-10,Asia,7,7.5,21,0.15,80.75,3,23
2025-04-10,Europe,6,21.4,73,0.12,69.13,5,49
2025-04-11,Asia,9,-3.5,108,0.15,92.59,7,30
2025-04-11,Europe,5,4.3,54,0.12,96.47,5,13
2025-04-12,Asia,7,8.9,37,0.15,70.97,6,50
2025-04-12,Europe,3,8.1,78,0.12,89.08,3,22
2025-04-13,Asia,7,10.3,107,0.15,96.84,2,29
2025-04-13,Europe,6,9.7,112,0.12,82.64,2,36
2025-04-14,Asia,2,17.5,68,0.15,78.62,4,32
2025-04-14,Europe,5,17.6,31,0.12,85.29,3,35
2025-04-15,Asia,3,20.3,15,0.15,79.85,5,33
2025-04-15,Europe,4,4.8,82,0.12,90.2,6,47
2025-04-16,Asia,6,13.7,29,0.15,96.04,7,21
2025-04-16,Europe,4,7.0,118,0.12,80.63,3,23
2025-04-17,Asia,3,14.8,37,0.15,67.45,4,32
2025-04-17,Europe,2,18.3,100,0.12,112.81,2,11
2025-04-18,Asia,3,12.8,39,0.15,97.87,1,11
2025-04-18,Europe,3,8.6,54,0.12,89.05,1,17
2025-04-19,Asia,9,7.9,113,0.15,87.14,6,12
2025-04-19,Europe,9,18.3,51,0.12,93.32,5,12
2025-04-20,Asia,3,9.2,59,0.15,73.16,1,11
2025-04-20,Europe,1,15.8,112,0.12,96.76,3,43
2025-04-21,Asia,2,5.4,117,0.15,91.03,4,20
2025-04-21,Europe,3,4.7,43,0.12,94.38,2,50
2025-04-22,Asia,1,8.9,115,0.15,86.25,5,52
2025-04-22,Europe,2,14.8,116,0.12,90.62,6,14
2025-04-23,Asia,4,18.8,8,0.15,94.83,7,41
2025-04-23,Europe,8,23.1,63,0.12,96.27,1,18
2025-04-24,Asia,9,11.7,116,0.15,75.11,2,29
2025-04-24,Europe,8,18.8,21,0.12,84.69,1,51
2025-04-25,Asia,2,18.2,99,0.15,92.04,4,51
2025-04-25,Europe,1,28.9,65,0.12,87.83,1,26
2025-04-26,Asia,4,16.0,10,0.15,97.05,7,10
2025-04-26,Europe,2,19.2,37,0.12,92.2,2,54
2025-04-27,Asia,2,10.8,10,0.15,94.57,5,38
2025-04-27,Europe,9,2.5,40,0.12,70.46,6,50
2025-04-28,Asia,5,31.0,46,0.15,94.53,7,58
2025-04-28,Europe,6,16.8,40,0.12,87.92,1,16
2025-04-29,Asia,9,14.8,76,0.15,105.33,2,55
2025-04-29,Europe,5,10.3,37,0.12,84.2,3,13
2025-04-30,Asia,5,2.5,112,0.15,87.91,2,16
2025-04-30,Europe,4,0.4,116,0.12,84.69,4,44
2025-05-01,Asia,3,-8.2,49,0.15,86.56,6,28
2025-05-01,Europe,2,18.8,3,0.12,99.96,5,21
2025-05-02,Asia,6,4.1,114,0.15,86.27,1,40
2025-05-02,Europe,9,13.0,16,0.12,95.57,7,25
2025-05-03,Asia,7,10.9,75,0.15,95.01,7,19
2025-05-03,Europe,8,10.1,36,0.12,87.03,5,51
2025-05-04,Asia,6,0.2,99,0.15,86.84,5,34
2025-05-04,Europe,9,10.7,15,0.12,89.11,5,46
2025-05-05,Asia,7,8.3,113,0.15,84.38,6,52
2025-05-05,Europe,6,5.3,10,0.12,82.92,5,18
2025-05-06,Asia,7,9.1,50,0.15,95.01,5,48
2025-05-06,Europe,3,10.0,72,0.12,109.66,3,16
2025-05-07,Asia,8,21.3,109,0.15,88.67,7,45
2025-05-07,Europe,6,19.0,64,0.12,82.79,2,52
2025-05-08,Asia,1,2.6,86,0.15,84.86,3,30
2025-05-08,Europe,2,6.6,114,0.12,109.16,4,24
2025-05-09,Asia,2,12.8,61,0.15,112.27,7,59
2025-05-09,Europe,4,3.5,26,0.12,87.63,5,27
2025-05-10,Asia,4,11.3,63,0.15,76.7,1,39
2025-05-10,Europe,3,-5.6,57,0.12,81.53,1,15
2025-05-11,Asia,4,9.7,119,0.15,89.72,7,57
2025-05-11,Europe,2,23.8,68,0.12,81.84,7,19
2025-05-12,Asia,6,6.9,30,0.15,84.71,6,45
2025-05-12,Europe,3,2.0,88,0.12,100.52,5,36
2025-05-13,Asia,9,3.8,35,0.15,87.17,6,55
2025-05-13,Europe,7,6.9,92,0.12,78.79,1,14
2025-05-14,Asia,6,16.7,31,0.15,93.62,7,22
2025-05-14,Europe,2,24.4,39,0.12,96.44,7,11
2025-05-15,Asia,4,19.7,86,0.15,106.92,7,23
2025-05-15,Europe,9,9.6,59,0.12,69.5,2,55
2025-05-16,Asia,3,2.3,54,0.15,88.65,5,14
2025-05-16,Europe,6,10.6,50,0.12,97.9,1,18
2025-05-17,Asia,5,7.2,2,0.15,88.03,1,16
2025-05-17,Europe,5,-0.1,66,0.12,89.26,3,43
2025-05-18,Asia,8,13.3,32,0.15,89.72,2,16
2025-05-18,Europe,1,7.5,51,0.12,95.4,7,19
2025-05-19,Asia,7,10.7,12,0.15,91.41,5,27
2025-05-19,Europe,4,24.8,27,0.12,93.93,6,54
2025-05-20,Asia,1,6.1,108,0.15,83.99,5,59
2025-05-20,Europe,3,17.5,13,0.12,120.43,7,43
2025-05-21,Asia,9,23.6,36,0.15,89.84,4,15
2025-05-21,Europe,6,17.8,12,0.12,95.38,5,19
2025-05-22,Asia,7,17.5,7,0.15,82.22,2,31
2025-05-22,Europe,5,25.7,108,0.12,83.46,4,56
2025-05-23,Asia,6,2.6,111,0.15,95.29,1,28
2025-05-23,Europe,8,10.7,98,0.12,101.49,2,21
2025-05-24,Asia,6,1.7,66,0.15,77.6,2,14
2025-05-24,Europe,8,12.7,81,0.12,69.99,2,51
2025-05-25,Asia,7,4.4,112,0.15,85.91,2,39
2025-05-25,Europe,1,10.0,73,0.12,95.23,4,21
2025-05-26,Asia,9,6.4,27,0.15,88.08,6,45
2025-05-26,Europe,3,5.9,98,0.12,97.26,1,55
2025-05-27,Asia,2,4.3,116,0.15,103.8,1,10
2025-05-27,Europe,8,5.8,15,0.12,85.04,3,13
2025-05-28,Asia,8,5.2,37,0.15,102.39,7,15
2025-05-28,Europe,6,26.4,99,0.12,76.85,4,46
2025-05-29,Asia,9,14.3,57,0.15,76.58,1,32
2025-05-29,Europe,5,6.6,83,0.12,92.89,4,22
2025-05-30,Asia,5,7.6,98,0.15,92.9,4,10
2025-05-30,Europe,8,21.6,44,0.12,98.93,6,16
2025-05-31,Asia,4,21.0,69,0.15,102.99,6,12
2025-05-31,Europe,3,13.1,99,0.12,93.54,6,18
2025-06-01,Asia,6,12.3,101,0.15,72.62,4,40
2025-06-01,Europe,5,23.2,4,0.12,98.18,7,14
2025-06-02,Asia,9,11.6,103,0.15,98.4,4,46
2025-06-02,Europe,1,13.3,31,0.12,86.29,6,41
2025-06-03,Asia,8,10.8,66,0.15,93.29,6,58
2025-06-03,Europe,6,0.8,61,0.12,90.61,5,20
2025-06-04,Asia,2,8.5,61,0.15,89.75,4,22
2025-06-04,Europe,4,10.9,106,0.12,80.7,3,21
2025-06-05,Asia,9,22.5,54,0.15,90.61,6,49
2025-06-05,Europe,6,21.5,20,0.12,97.17,4,28
2025-06-06,Asia,1,14.9,18,0.15,93.61,4,58
2025-06-06,Europe,6,10.7,62,0.12,99.36,6,39
2025-06-07,Asia,5,11.4,14,0.15,84.97,3,57
2025-06-07,Europe,2,4.7,2,0.12,88.73,7,48
2025-06-08,Asia,4,14.7,113,0.15,82.83,1,37
2025-06-08,Europe,7,9.4,108,0.12,87.84,3,45
2025-06-09,Asia,9,5.1,72,0.15,106.53,3,38
2025-06-09,Europe,4,3.4,31,0.12,71.76,1,52
2025-06-10,Asia,1,9.9,63,0.15,76.04,7,39
2025-06-10,Europe,6,15.1,86,0.12,95.8,6,11
2025-06-11,Asia,5,6.8,109,0.15,99.57,6,23
2025-06-11,Europe,8,22.8,79,0.12,80.77,2,47
2025-06-12,Asia,9,14.7,95,0.15,93.72,4,25
2025-06-12,Europe,2,18.7,85,0.12,94.75,5,18
2025-06-13,Asia,7,13.9,94,0.15,91.93,1,51
2025-06-13,Europe,2,10.0,58,0.12,86.55,7,21
2025-06-14,Asia,4,16.3,101,0.15,88.13,1,57
2025-06-14,Europe,2,19.4,25,0.12,92.23,6,44
2025-06-15,Asia,8,13.3,0,0.15,82.92,3,37
2025-06-15,Europe,1,19.3,95,0.12,102.48,5,30
2025-06-16,Asia,5,8.9,41,0.15,91.87,2,41
2025-06-16,Europe,2,19.5,7,0.12,113.98,5,38
2025-06-17,Asia,7,11.0,106,0.15,101.78,7,19
2025-06-17,Europe,6,1.6,6,0.12,76.76,5,18
2025-06-18,Asia,4,3.8,73,0.15,104.9,7,35
2025-06-18,Europe,2,5.7,114,0.12,91.85,5,11
2025-06-19,Asia,9,11.7,119,0.15,83.74,4,30
2025-06-19,Europe,4,14.0,85,0.12,87.57,1,17
2025-06-20,Asia,1,12.2,73,0.15,90.6,7,48
2025-06-20,Europe,5,16.7,96,0.12,93.1,1,52
2025-06-21,Asia,5,5.2,70,0.15,91.15,5,36
2025-06-21,Europe,6,1.7,83,0.12,81.26,7,24
2025-06-22,Asia,5,4.7,64,0.15,79.54,5,16
2025-06-22,Europe,7,-2.0,56,0.12,96.92,2,45
2025-06-23,Asia,8,4.9,113,0.15,79.08,7,49
2025-06-23,Europe,2,13.8,59,0.12,104.22,6,11
2025-06-24,Asia,1,11.8,79,0.15,84.17,7,42
2025-06-24,Europe,2,19.2,81,0.12,84.96,1,19
2025-06-25,Asia,2,23.9,63,0.15,91.72,3,44
2025-06-25,Europe,3,18.9,102,0.12,100.27,1,49
2025-06-26,Asia,3,10.9,50,0.15,100.92,1,24
2025-06-26,Europe,5,14.2,46,0.12,93.43,5,30
2025-06-27,Asia,8,8.1,77,0.15,84.82,5,16
2025-06-27,Europe,3,7.0,0,0.12,85.57,5,25
2025-06-28,Asia,1,16.7,26,0.15,80.93,7,26
2025-06-28,Europe,9,13.0,112,0.12,79.77,3,20
2025-06-29,Asia,8,18.9,53,0.15,97.93,2,40
2025-06-29,Europe,6,6.4,89,0.12,75.83,1,27
2025-06-30,Asia,1,17.3,87,0.15,94.61,1,46
2025-06-30,Europe,2,4.3,65,0.12,86.03,1,22
2025-07-01,Asia,5,14.0,66,0.15,101.96,2,44
2025-07-01,Europe,2,15.2,90,0.12,96.33,2,49
2025-07-02,Asia,5,28.3,62,0.15,74.02,4,30
2025-07-02,Europe,1,17.0,26,0.12,86.52,2,24
2025-07-03,Asia,2,12.3,110,0.15,99.35,4,48
2025-07-03,Europe,7,0.8,70,0.12,94.26,7,50
2025-07-04,Asia,6,10.8,50,0.15,92.75,4,39
2025-07-04,Europe,1,17.2,82,0.12,105.91,6,51
2025-07-05,Asia,1,26.9,78,0.15,89.14,7,55
2025-07-05,Europe,8,9.7,57,0.12,90.26,3,35
2025-07-06,Asia,9,13.1,97,0.15,87.39,5,46
2025-07-06,Europe,4,17.3,65,0.12,91.71,5,36
2025-07-07,Asia,4,9.8,71,0.15,93.33,6,53
2025-07-07,Europe,9,15.6,117,0.12,80.01,7,50
2025-07-08,Asia,6,8.4,42,0.15,70.48,4,14
2025-07-08,Europe,5,11.6,106,0.12,93.83,1,24
2025-07-09,Asia,8,10.2,69,0.15,99.11,1,36
2025-07-09,Europe,6,2.6,31,0.12,83.43,2,27
2025-07-10,Asia,7,18.9,87,0.15,93.42,4,34
2025-07-10,Europe,7,19.8,12,0.12,75.51,1,43
2025-07-11,Asia,7,18.8,108,0.15,70.03,1,42
2025-07-11,Europe,2,-1.2,51,0.12,87.17,6,18
2025-07-12,Asia,1,10.3,90,0.15,97.17,3,37
2025-07-12,Europe,8,5.0,14,0.12,102.08,6,47
2025-07-13,Asia,6,1.6,82,0.15,89.15,1,42
2025-07-13,Europe,9,6.7,54,0.12,95.63,5,11
2025-07-14,Asia,2,10.6,9,0.15,83.09,4,48
2025-07-14,Europe,2,4.2,91,0.12,106.61,5,26
2025-07-15,Asia,4,36.2,72,0.15,72.0,1,58
2025-07-15,Europe,5,12.8,85,0.12,79.83,7,14
2025-07-16,Asia,6,16.1,104,0.15,81.08,5,45
2025-07-16,Europe,1,5.9,19,0.12,76.59,4,46
2025-07-17,Asia,2,12.3,83,0.15,72.99,5,37
2025-07-17,Europe,7,15.4,94,0.12,85.03,5,36
2025-07-18,Asia,3,-0.0,101,0.15,88.03,5,52
2025-07-18,Europe,6,0.6,108,0.12,91.4,6,29
2025-07-19,Asia,5,15.7,64,0.15,83.52,6,15
2025-07-19,Europe,6,1.4,52,0.12,110.17,6,30
2025-07-20,Asia,5,16.4,105,0.15,98.0,2,57
2025-07-20,Europe,8,1.3,37,0.12,77.86,5,54
2025-07-21,Asia,2,8.8,16,0.15,101.28,6,25
2025-07-21,Europe,8,15.7,32,0.12,84.78,2,46
2025-07-22,Asia,7,0.9,61,0.15,90.59,3,46
2025-07-22,Europe,5,9.2,87,0.12,85.87,5,55
2025-07-23,Asia,8,4.9,98,0.15,87.04,4,53
2025-07-23,Europe,9,11.8,11,0.12,94.37,4,28
2025-07-24,Asia,8,18.8,86,0.15,96.69,6,54
2025-07-24,Europe,5,18.5,52,0.12,84.28,6,35
2025-07-25,Asia,5,-3.5,26,0.15,86.6,6,43
2025-07-25,Europe,9,7.3,100,0.12,91.37,4,34
2025-07-26,Asia,2,8.1,9,0.15,87.69,5,40
2025-07-26,Europe,9,9.4,44,0.12,92.93,2,58
2025-07-27,Asia,8,12.7,26,0.15,70.29,5,26
2025-07-27,Europe,4,9.5,4,0.12,88.9,4,34
2025-07-28,Asia,3,12.5,114,0.15,87.09,4,54
2025-07-28,Europe,1,12.1,118,0.12,95.7,7,58
2025-07-29,Asia,9,-1.6,117,0.15,85.01,5,19
2025-07-29,Europe,4,6.4,64,0.12,106.39,2,41
2025-07-30,Asia,2,8.8,83,0.15,99.67,7,21
2025-07-30,Europe,3,13.6,87,0.12,83.86,1,38
2025-07-31,Asia,5,29.6,2,0.15,74.28,7,13
2025-07-31,Europe,7,15.1,62,0.12,71.25,7,53
2025-08-01,Asia,4,11.0,76,0.15,90.13,3,47
2025-08-01,Europe,7,18.6,72,0.12,93.19,3,14
2025-08-02,Asia,3,13.3,93,0.15,98.91,5,40
2025-08-02,Europe,3,18.4,87,0.12,84.94,4,20
2025-08-03,Asia,4,13.1,49,0.15,82.49,3,12
2025-08-03,Europe,5,19.6,13,0.12,83.76,2,32
2025-08-04,Asia,1,12.1,55,0.15,111.77,2,54
2025-08-04,Europe,8,22.0,35,0.12,75.47,3,37
2025-08-05,Asia,2,26.1,18,0.15,108.83,1,37
2025-08-05,Europe,2,19.4,28,0.12,86.15,1,16
2025-08-06,Asia,3,4.5,20,0.15,103.04,1,43
2025-08-06,Europe,2,6.9,5,0.12,88.7,6,50
2025-08-07,Asia,4,12.5,110,0.15,89.17,5,16
2025-08-07,Europe,5,21.5,50,0.12,83.88,5,42
2025-08-08,Asia,4,27.8,85,0.15,99.17,6,38
2025-08-08,Europe,5,18.8,9,0.12,89.57,3,35
2025-08-09,Asia,2,8.0,56,0.15,90.81,7,25
2025-08-09,Europe,9,18.6,101,0.12,72.27,2,45
2025-08-10,Asia,4,12.5,6,0.15,71.98,4,46
2025-08-10,Europe,8,12.9,87,0.12,88.28,6,30
2025-08-11,Asia,2,9.4,17,0.15,96.82,6,56
2025-08-11,Europe,5,20.1,76,0.12,87.04,1,20
2025-08-12,Asia,1,2.4,23,0.15,86.78,5,37
2025-08-12,Europe,6,29.4,10,0.12,89.63,3,29
2025-08-13,Asia,9,2.6,68,0.15,103.69,6,39
2025-08-13,Europe,9,7.5,94,0.12,81.71,5,26
2025-08-14,Asia,1,13.6,119,0.15,83.84,5,31
2025-08-14,Europe,2,28.6,99,0.12,82.13,6,47
2025-08-15,Asia,4,18.7,23,0.15,69.33,5,14
2025-08-15,Europe,1,19.6,47,0.12,68.98,6,12
2025-08-16,Asia,8,13.2,98,0.15,79.89,4,34
2025-08-16,Europe,5,17.8,63,0.12,100.54,4,22
2025-08-17,Asia,7,11.1,33,0.15,81.11,5,33
2025-08-17,Europe,5,14.8,75,0.12,86.11,4,44
2025-08-18,Asia,8,6.2,54,0.15,95.87,4,50
2025-08-18,Europe,8,4.2,51,0.12,99.37,5,32
2025-08-19,Asia,5,14.3,47,0.15,87.63,6,58
2025-08-19,Europe,3,19.4,118,0.12,102.92,7,32
2025-08-20,Asia,9,12.4,101,0.15,105.69,6,42
2025-08-20,Europe,7,-2.1,106,0.12,100.22,1,46
2025-08-21,Asia,3,8.1,105,0.15,91.59,5,38
2025-08-21,Europe,9,7.9,39,0.12,93.08,2,29
2025-08-22,Asia,6,12.7,35,0.15,81.95,1,48
2025-08-22,Europe,2,10.5,86,0.12,82.46,5,28
2025-08-23,Asia,9,23.0,82,0.15,98.96,3,21
2025-08-23,Europe,7,9.4,3,0.12,84.53,4,28
2025-08-24,Asia,8,23.0,113,0.15,84.15,4,25
2025-08-24,Europe,7,5.9,74,0.12,85.56,4,19
2025-08-25,Asia,7,6.7,85,0.15,86.31,2,42
2025-08-25,Europe,8,2.3,45,0.12,89.95,4,28
2025-08-26,Asia,9,6.7,110,0.15,82.19,5,31
2025-08-26,Europe,4,16.4,3,0.12,90.01,3,38
2025-08-27,Asia,1,16.0,27,0.15,79.11,5,37
2025-08-27,Europe,9,10.7,8,0.12,87.44,6,38
2025-08-28,Asia,7,9.1,52,0.15,97.0,6,51
2025-08-28,Europe,5,27.5,7,0.12,71.47,2,58
2025-08-29,Asia,2,11.2,39,0.15,85.99,7,12
2025-08-29,Europe,3,10.0,94,0.12,89.17,5,15
2025-08-30,Asia,8,16.4,29,0.15,95.99,5,47
2025-08-30,Europe,7,11.2,43,0.12,96.32,3,58
2025-08-31,Asia,5,16.9,74,0.15,99.2,4,22
2025-08-31,Europe,8,18.0,36,0.12,109.75,2,42
2025-09-01,Asia,8,16.4,3,0.15,96.07,2,52
2025-09-01,Europe,4,14.0,104,0.12,106.64,1,14
2025-09-02,Asia,2,20.2,48,0.15,84.7,3,35
2025-09-02,Europe,9,3.1,15,0.12,98.38,2,44
2025-09-03,Asia,3,7.4,60,0.15,86.64,4,29
2025-09-03,Europe,8,22.3,2,0.12,75.78,5,57
2025-09-04,Asia,9,18.5,13,0.15,98.95,3,59
2025-09-04,Europe,3,11.1,76,0.12,86.19,4,54
2025-09-05,Asia,2,12.4,41,0.15,91.0,3,49
2025-09-05,Europe,7,17.4,113,0.12,78.89,7,51
2025-09-06,Asia,5,11.7,89,0.15,102.15,6,24
2025-09-06,Europe,2,11.2,0,0.12,88.42,1,13
2025-09-07,Asia,5,15.2,44,0.15,86.07,4,15
2025-09-07,Europe,3,-0.3,57,0.12,95.1,5,42
2025-09-08,Asia,2,3.2,41,0.15,94.8,6,10
2025-09-08,Europe,8,14.0,11,0.12,99.8,5,40
2025-09-09,Asia,9,16.2,112,0.15,101.76,7,50
2025-09-09,Europe,8,2.6,29,0.12,85.97,4,40
2025-09-10,Asia,2,28.4,15,0.15,88.92,6,21
2025-09-10,Europe,5,11.7,87,0.12,82.96,3,28
2025-09-11,Asia,5,5.3,54,0.15,82.81,1,12
2025-09-11,Europe,8,15.0,21,0.12,99.32,5,47
2025-09-12,Asia,6,17.0,109,0.15,95.99,3,57
2025-09-12,Europe,6,17.0,29,0.12,101.09,3,34
2025-09-13,Asia,4,22.8,7,0.15,105.04,2,25
2025-09-13,Europe,3,18.6,55,0.12,94.14,7,51
2025-09-14,Asia,1,0.7,112,0.15,98.57,4,13
2025-09-14,Europe,7,14.9,57,0.12,81.34,5,57
2025-09-15,Asia,8,15.3,43,0.15,95.97,7,40
2025-09-15,Europe,9,10.5,69,0.12,96.84,5,12
2025-09-16,Asia,3,13.5,70,0.15,92.78,3,39
2025-09-16,Europe,9,18.1,56,0.12,89.38,7,12
2025-09-17,Asia,4,4.4,55,0.15,86.18,1,47
2025-09-17,Europe,6,9.7,66,0.12,92.68,4,29
2025-09-18,Asia,7,21.3,63,0.15,92.3,2,41
2025-09-18,Europe,3,18.5,3,0.12,97.89,2,21
2025-09-19,Asia,4,6.1,104,0.15,92.46,7,40
2025-09-19,Europe,7,14.0,69,0.12,103.11,7,18
2025-09-20,Asia,3,19.3,10,0.15,74.06,4,10
2025-09-20,Europe,5,14.2,13,0.12,82.68,5,10
2025-09-21,Asia,8,4.6,86,0.15,94.71,7,50
2025-09-21,Europe,7,-0.6,19,0.12,109.63,2,17
2025-09-22,Asia,4,10.6,59,0.15,79.88,3,13
2025-09-22,Europe,2,2.4,81,0.12,100.26,6,52
2025-09-23,Asia,6,10.7,103,0.15,79.21,5,38
2025-09-23,Europe,9,22.2,107,0.12,90.03,3,22
2025-09-24,Asia,9,18.7,6,0.15,89.71,4,49
2025-09-24,Europe,8,5.2,47,0.12,79.82,3,43
2025-09-25,Asia,8,14.3,12,0.15,94.02,1,24
2025-09-25,Europe,9,7.5,52,0.12,89.0,4,48
2025-09-26,Asia,8,10.9,46,0.15,96.58,7,26
2025-09-26,Europe,5,13.2,34,0.12,76.86,6,16
2025-09-27,Asia,5,6.4,106,0.15,94.27,2,38
2025-09-27,Europe,3,25.7,57,0.12,79.7,7,40
2025-09-28,Asia,6,11.9,27,0.15,70.69,6,14
2025-09-28,Europe,1,18.4,117,0.12,87.68,5,54
2025-09-29,Asia,5,7.6,66,0.15,98.57,2,44
2025-09-29,Europe,6,15.9,20,0.12,112.09,1,42
2025-09-30,Asia,7,9.8,100,0.15,103.97,2,34
2025-09-30,Europe,1,23.3,116,0.12,80.31,6,34
2025-10-01,Asia,8,7.0,73,0.15,94.72,5,10
2025-10-01,Europe,9,3.7,18,0.12,99.61,6,16
2025-10-02,Asia,4,16.7,81,0.15,86.91,7,52
2025-10-02,Europe,5,14.7,1,0.12,89.81,5,46
2025-10-03,Asia,5,5.6,68,0.15,84.23,4,22
2025-10-03,Europe,6,-2.6,53,0.12,87.68,4,45
2025-10-04,Asia,1,13.5,98,0.15,82.55,6,42
2025-10-04,Europe,6,23.3,12,0.12,87.75,5,11
2025-10-05,Asia,3,17.7,109,0.15,99.2,4,22
2025-10-05,Europe,3,22.1,11,0.12,87.06,2,27
2025-10-06,Asia,1,13.2,101,0.15,91.56,5,28
2025-10-06,Europe,8,16.6,91,0.12,102.78,3,55
2025-10-07,Asia,5,10.5,13,0.15,81.68,2,30
2025-10-07,Europe,4,21.4,61,0.12,87.98,3,57
2025-10-08,Asia,2,9.9,16,0.15,94.12,5,23
2025-10-08,Europe,3,18.5,16,0.12,106.68,2,26
2025-10-09,Asia,8,15.5,108,0.15,64.03,3,48
2025-10-09,Europe,7,13.6,56,0.12,79.54,3,19
2025-10-10,Asia,4,7.6,54,0.15,89.59,3,46
2025-10-10,Europe,6,22.9,92,0.12,84.05,2,11
2025-10-11,Asia,9,16.6,21,0.15,85.91,2,32
2025-10-11,Europe,4,-0.0,32,0.12,88.04,5,55
2025-10-12,Asia,7,11.2,13,0.15,91.38,2,31
2025-10-12,Europe,1,11.5,107,0.12,95.7,5,32
2025-10-13,Asia,5,5.7,35,0.15,90.59,4,52
2025-10-13,Europe,8,21.4,24,0.12,80.04,4,51
2025-10-14,Asia,7,13.3,68,0.15,112.28,6,21
2025-10-14,Europe,5,14.3,40,0.12,86.48,2,58
2025-10-15,Asia,4,-4.5,28,0.15,77.32,6,24
2025-10-15,Europe,8,14.7,119,0.12,88.3,3,36
2025-10-16,Asia,7,5.9,77,0.15,95.36,1,10
2025-10-16,Europe,8,13.8,109,0.12,95.83,7,25
2025-10-17,Asia,1,15.6,107,0.15,96.36,4,32
2025-10-17,Europe,3,14.9,83,0.12,74.11,5,20
2025-10-18,Asia,3,4.6,115,0.15,82.35,5,37
2025-10-18,Europe,6,15.6,52,0.12,79.03,7,33
2025-10-19,Asia,9,10.7,96,0.15,95.43,1,55
2025-10-19,Europe,2,10.6,119,0.12,101.81,5,44
2025-10-20,Asia,8,19.1,22,0.15,69.74,2,18
2025-10-20,Europe,2,5.0,91,0.12,77.89,3,41
2025-10-21,Asia,5,8.7,61,0.15,96.03,3,15
2025-10-21,Europe,5,13.8,13,0.12,71.4,1,58
2025-10-22,Asia,1,14.9,30,0.15,88.09,4,21
2025-10-22,Europe,1,19.4,97,0.12,74.03,5,50
2025-10-23,Asia,3,9.0,64,0.15,68.54,5,14
2025-10-23,Europe,2,22.2,70,0.12,100.77,3,35
2025-10-24,Asia,2,19.2,119,0.15,82.58,5,14
2025-10-24,Europe,9,12.9,26,0.12,86.01,2,14
2025-10-25,Asia,1,16.1,100,0.15,86.5,5,33
2025-10-25,Europe,1,10.0,18,0.12,94.12,1,46
2025-10-26,Asia,2,8.2,88,0.15,105.59,6,20
2025-10-26,Europe,8,11.5,43,0.12,73.77,1,56
2025-10-27,Asia,5,11.9,73,0.15,73.76,2,19
2025-10-27,Europe,8,10.7,31,0.12,91.4,1,39
2025-10-28,Asia,1,11.9,62,0.15,85.34,2,56
2025-10-28,Europe,8,6.4,71,0.12,74.95,3,55
2025-10-29,Asia,9,14.5,60,0.15,92.22,3,28
2025-10-29,Europe,6,10.9,105,0.12,84.79,4,44
2025-10-30,Asia,4,11.8,100,0.15,102.41,6,32
2025-10-30,Europe,8,11.3,42,0.12,101.2,5,39
2025-10-31,Asia,5,16.1,46,0.15,86.56,7,49
2025-10-31,Europe,5,6.4,82,0.12,89.36,1,20
2025-11-01,Asia,3,20.1,109,0.15,86.14,2,31
2025-11-01,Europe,5,18.9,38,0.12,97.79,6,55
2025-11-02,Asia,8,15.6,18,0.15,84.46,4,21
2025-11-02,Europe,9,6.3,25,0.12,84.32,6,23
2025-11-03,Asia,1,13.4,27,0.15,96.87,2,45
2025-11-03,Europe,1,21.6,70,0.12,103.56,5,44
2025-11-04,Asia,6,10.3,119,0.15,68.24,1,48
2025-11-04,Europe,9,18.0,34,0.12,94.17,7,49
2025-11-05,Asia,8,8.4,63,0.15,85.8,5,38
2025-11-05,Europe,2,3.9,84,0.12,92.11,3,40
2025-11-06,Asia,6,9.7,90,0.15,97.54,2,39
2025-11-06,Europe,4,21.2,117,0.12,55.64,2,15
2025-11-07,Asia,7,8.5,40,0.15,89.26,5,52
2025-11-07,Europe,5,13.4,54,0.12,110.86,3,26
2025-11-08,Asia,8,2.5,108,0.15,93.28,2,55
2025-11-08,Europe,5,17.9,55,0.12,88.18,4,16
2025-11-09,Asia,8,16.7,62,0.15,102.53,2,16
2025-11-09,Europe,7,14.2,89,0.12,81.97,7,23
2025-11-10,Asia,8,8.7,86,0.15,90.07,2,11
2025-11-10,Europe,5,9.2,0,0.12,100.84,2,44
2025-11-11,Asia,7,15.2,24,0.15,104.48,2,32
2025-11-11,Europe,9,13.4,103,0.12,105.24,4,27
2025-11-12,Asia,4,15.4,51,0.15,79.92,6,37
2025-11-12,Europe,6,15.1,37,0.12,110.26,4,15
2025-11-13,Asia,1,5.7,78,0.15,85.61,6,51
2025-11-13,Europe,8,17.9,83,0.12,99.89,5,37
2025-11-14,Asia,1,24.6,107,0.15,88.0,7,13
2025-11-14,Europe,4,20.7,96,0.12,72.94,2,28
2025-11-15,Asia,5,12.9,12,0.15,92.05,6,39
2025-11-15,Europe,7,15.2,10,0.12,105.52,6,10
2025-11-16,Asia,6,5.3,9,0.15,102.51,5,19
2025-11-16,Europe,5,24.8,74,0.12,95.84,3,18
2025-11-17,Asia,6,10.6,69,0.15,76.92,4,53
2025-11-17,Europe,5,19.6,55,0.12,70.67,1,43
2025-11-18,Asia,4,6.3,102,0.15,87.27,5,54
2025-11-18,Europe,9,17.1,63,0.12,82.76,7,19
2025-11-19,Asia,2,3.4,81,0.15,91.19,3,48
2025-11-19,Europe,6,20.1,16,0.12,75.39,3,17
2025-11-20,Asia,9,17.7,31,0.15,94.43,7,13
2025-11-20,Europe,4,12.2,28,0.12,76.28,7,22
2025-11-21,Asia,6,0.6,39,0.15,101.98,4,39
2025-11-21,Europe,5,22.0,118,0.12,110.57,2,18
2025-11-22,Asia,1,4.2,104,0.15,83.47,7,44
2025-11-22,Europe,7,10.8,48,0.12,96.36,7,12
2025-11-23,Asia,1,16.5,19,0.15,86.69,7,42
2025-11-23,Europe,2,18.6,8,0.12,91.63,2,35
2025-11-24,Asia,2,18.2,9,0.15,94.17,7,42
2025-11-24,Europe,8,13.8,14,0.12,77.03,1,40
2025-11-25,Asia,1,15.5,20,0.15,87.24,5,18
2025-11-25,Europe,2,11.6,111,0.12,86.05,6,26
2025-11-26,Asia,4,16.7,95,0.15,77.91,7,47
2025-11-26,Europe,5,6.1,63,0.12,91.93,1,25
2025-11-27,Asia,2,-0.6,84,0.15,102.85,5,35
2025-11-27,Europe,7,8.4,15,0.12,87.72,6,43
2025-11-28,Asia,3,18.5,80,0.15,94.0,7,18
2025-11-28,Europe,8,18.3,54,0.12,115.26,3,57
2025-11-29,Asia,9,15.8,100,0.15,61.51,4,23
2025-11-29,Europe,1,18.2,13,0.12,96.22,4,16
2025-11-30,Asia,3,-2.0,62,0.15,94.37,5,19
2025-11-30,Europe,6,15.2,36,0.12,97.58,5,26
2025-12-01,Asia,6,4.8,117,0.15,83.04,7,29
2025-12-01,Europe,7,11.1,32,0.12,77.36,2,53
2025-12-02,Asia,2,19.8,72,0.15,94.71,7,37
2025-12-02,Europe,6,14.9,31,0.12,72.65,4,16
2025-12-03,Asia,5,5.7,69,0.15,90.2,6,40
2025-12-03,Europe,2,15.9,12,0.12,90.42,4,41
2025-12-04,Asia,6,15.2,5,0.15,87.73,5,10
2025-12-04,Europe,3,3.2,112,0.12,80.9,7,31
2025-12-05,Asia,5,11.5,14,0.15,87.32,5,28
2025-12-05,Europe,4,14.5,34,0.12,80.14,7,18
2025-12-06,Asia,2,4.0,79,0.15,95.89,5,41
2025-12-06,Europe,2,9.6,92,0.12,101.73,5,10
2025-12-07,Asia,7,-0.3,118,0.15,72.29,3,36
2025-12-07,Europe,4,18.4,47,0.12,92.58,1,41
2025-12-08,Asia,5,16.7,108,0.15,87.79,6,46
2025-12-08,Europe,5,20.3,92,0.12,92.79,1,33
2025-12-09,Asia,8,26.9,18,0.15,100.58,1,14
2025-12-09,Europe,5,12.3,53,0.12,96.29,5,42
2025-12-10,Asia,9,2.9,57,0.15,81.92,7,53
2025-12-10,Europe,7,7.4,91,0.12,89.06,7,31
2025-12-11,Asia,4,15.7,103,0.15,80.49,3,52
2025-12-11,Europe,1,23.0,19,0.12,70.44,2,28
2025-12-12,Asia,5,6.6,55,0.15,80.07,3,59
2025-12-12,Europe,1,7.6,53,0.12,80.2,5,34
2025-12-13,Asia,1,-9.0,115,0.15,102.3,2,10
2025-12-13,Europe,7,12.4,11,0.12,99.63,6,48
2025-12-14,Asia,8,15.8,41,0.15,81.65,1,34
2025-12-14,Europe,6,2.6,8,0.12,90.06,7,36
2025-12-15,Asia,3,5.0,60,0.15,87.25,2,37
2025-12-15,Europe,3,23.0,72,0.12,94.34,1,35
2025-12-16,Asia,9,8.2,119,0.15,83.78,5,26
2025-12-16,Europe,8,2.9,67,0.12,89.77,7,23
2025-12-17,Asia,5,16.5,60,0.15,89.13,4,39
2025-12-17,Europe,1,12.4,64,0.12,78.31,2,22
2025-12-18,Asia,9,16.4,29,0.15,86.91,1,15
2025-12-18,Europe,7,4.0,11,0.12,105.08,6,21
2025-12-19,Asia,6,10.7,1,0.15,106.06,2,52
2025-12-19,Europe,6,6.9,39,0.12,119.81,7,58
2025-12-20,Asia,3,11.8,34,0.15,99.69,7,46
2025-12-20,Europe,1,10.4,82,0.12,99.6,2,13
2025-12-21,Asia,1,19.0,102,0.15,86.94,1,48
2025-12-21,Europe,9,20.3,80,0.12,92.27,2,39
2025-12-22,Asia,1,9.3,93,0.15,94.67,5,38
2025-12-22,Europe,3,8.9,14,0.12,79.8,5,43
2025-12-23,Asia,4,15.1,8,0.15,84.59,5,36
2025-12-23,Europe,1,13.0,44,0.12,82.05,1,11
2025-12-24,Asia,7,22.0,34,0.15,103.37,6,12
2025-12-24,Europe,8,4.9,4,0.12,104.88,1,36
2025-12-25,Asia,5,20.0,107,0.15,100.03,2,35
2025-12-25,Europe,5,8.3,76,0.12,92.87,1,54
2025-12-26,Asia,3,9.1,111,0.15,79.03,7,23
2025-12-26,Europe,2,21.3,63,0.12,63.09,6,30
2025-12-27,Asia,4,12.5,91,0.15,81.54,6,51
2025-12-27,Europe,6,2.6,30,0.12,93.33,3,32
2025-12-28,Asia,7,10.5,6,0.15,78.44,3,14
2025-12-28,Europe,6,8.9,1,0.12,103.57,7,55
2025-12-29,Asia,2,6.5,35,0.15,100.2,7,41
2025-12-29,Europe,5,24.1,30,0.12,96.18,3,15
2025-12-30,Asia,9,-2.9,102,0.15,108.7,7,15
2025-12-30,Europe,2,5.5,73,0.12,96.8,6,33
2025-12-31,Asia,1,18.9,22,0.15,89.45,7,55
2025-12-31,Europe,5,23.2,114,0.12,89.84,4,27
